Source,Target
Jameson Blake,Jeffrey Tam
Darren Criss,Steve Blum
Angel Locsin,Belle Mariano
Alex Medina,Jake Macapagal
Carmina Villaroel,Jameson Blake
Kat Alano,Marlann Flores
Bibeth Orteza,Luz Valdez
Rio Locsin,Sarah Geronimo
Angelu De Leon,JC de Vera
Kathryn Bernardo,Michelle Vito
Jeric Raval,Julia Barretto
Cherry Pie Picache,Dennis Padilla
Bea Alonzo,Shaina Magdayao
Jelson Bay,Sandy Andolong
Jojo Riguerra,Royce Cabrera
Enrique Gil,Kyra Custodio
Dingdong Dantes,Pamu Pamorada
Gillian Vicencio,Jake Cuenca
Piolo Pascual,Toni Gonzaga
Ariel Rivera,Marissa Delgado
Anita Linda,Hilda Koronel
Raymond Lauchengco,Sandy Andolong
Joross Gamboa,Lovely Abella
Edward Barber,Sandy Andolong
Daphne Oseña-Paez,Irma Adlawan
Alex Medina,Almira Muhlach
Dennis Padilla,Matt Evans
Darren Criss,Shay Mitchell
Joem Bascon,Pepe Herrera
Christian Vazquez,Gerald Anderson
Alex Medina,Tony Labrusca
Gabby Padilla,Jan Silverio
Ina Raymundo,Shamaine Centenera
Ruby Ruiz,Sky Teotico
Aga Muhlach,Ketchup Eusebio
Igi Boy Flores,Richard Gomez
Ara Mina,Joross Gamboa
Justin Cuyugan,Paulo Avelino
Sue Ramirez,Yves Flores
Cris Villanueva,Tony Labrusca
Cris Villonco,Maris Racal
Angelica Panganiban,Chin Chin Gutierrez
James Reid,MC Calaquian
Jhong Hilario,Mickey Ferriols
Gigi De Lana,Gillian Vicencio
Irma Adlawan,Isabelle Daza
Alexa Ilacad,Clarence Delgado
Matt Evans,Tirso Cruz III
Erlinda Villalobos,Sue Prado
Dennis Padilla,Empoy Marquez
Beatriz Saw,Nico Antonio
Carmina Villaroel,Liza Soberano
Jhong Hilario,Rica Peralejo
Mon Confiado,Nonie Buencamino
Dante Basco,Manny Jacinto
Lui Manansala,Sue Ramirez
Mark Anthony Fernandez,Nino Muhlach
Allan Paule,Felix Roco
Bobby Andrews,Dante Rivero
Cris Villanueva,Cris Villonco
Anne Curtis,Derek Ramsay
Alessandra de Rossi,Khalil Ramos
Daniel Padilla,Matet De Leon
Ali Badshah,Shaista Latif
Martin del Rosario,Tony Labrusca
Daniel Padilla,Kathryn Bernardo
Alex Medina,JM de Guzman
Jeffrey Quizon,Kris Aquino
Joem Bascon,Leo Martinez
Martin del Rosario,Roxanne Barcelo
Daniel Padilla,Ricky Davao
Cris Villonco,Jett Pangan
Jameson Blake,Maymay Entrata
Jeffrey Tam,Joross Gamboa
Denise Laurel,Irma Adlawan
Joey Marquez,Joross Gamboa
Daniel Padilla,Riva Quenery
Cris Villanueva,JM de Guzman
Julia Barretto,Maris Racal
Kaka Bautista,Lovely Abella
Carlo Aquino,Serena Dalrymple
Kawa Ada,Shaista Latif
Eamon Farren,Isabel Sandoval
Dennis Padilla,Tetchie Agbayani
Irma Adlawan,Toni Gonzaga
Ariel Rivera,Edgar Allan Guzman
Alma Moreno,Zanjoe Marudo
Sue Ramirez,Vance Larena
Alex Medina,Arron Villaflor
Denise Laurel,Justin Cuyugan
Anne Curtis,Lao Rodriguez
Gloria Diaz,Vice Ganda
Enrique Gil,Erin Ocampo
Christian Vazquez,Yayo Aguila
Cristine Reyes,Dingdong Dantes
Joross Gamboa,Matet De Leon
Igi Boy Flores,Marco Gumabao
Joross Gamboa,Kathryn Bernardo
Bembol Roco,Milo Elmido Jr.
Kaka Bautista,Lito Pimentel
Joross Gamboa,Ryan Bang
Bea Alonzo,Gillian Vicencio
Dennis Padilla,Zeppi Borromeo
Daniel Padilla,Richard Gomez
Raymond Lee,Ronwaldo Martin
Alwyn Uytingco,Daniel Padilla
Lou Diamond Phillips,Manny Jacinto
Gwen Zamora,Mon Confiado
Arjo Atayde,Nonie Buencamino
Badjie Mortiz,Jett Pangan
Liza Soberano,Tonton Gutierrez
Cacai Bautista,TJ Trinidad
Alex Diaz,Kyra Custodio
Arlene Muhlach,Kathryn Bernardo
Joey Paras,Rez Cortez
Coco Martin,Karla Estrada
Charlie Dizon,Paulo Avelino
Kathryn Bernardo,Maricel Laxa
Jameson Blake,Kakai Bautista
Chienna Filomeno,Miguel Vergara
Katya Santos,Louise De Los Reyes
Bea Alonzo,Richard Gomez
Angeline Quinto,Toni Gonzaga
Bing Pimentel,Leo Martinez
Claudine Barretto,Jhong Hilario
Gerald Anderson,Yayo Aguila
Carlo Aquino,Gwen Zamora
Almira Muhlach,Mercedes Cabral
Arnold Reyes,Rolando T. Inocencio
Janella Salvador,Markus Paterson
Mary Joy Apostol,Rolando T. Inocencio
John Manalo,Sharon Cuneta
Alex Calleja,Victor Neri
Makisig Morales,Saul Reichlin
Matet De Leon,Zanjoe Marudo
Freddie Webb,Richard Gomez
Alvin Anson,Art Acuña
Joshua Garcia,Maritoni Fernandez
Christopher Roxas,Lander Vera Perez
Elijah Canlas,Jess Mendoza
Kit Thompson,Ria Atayde
Carmina Villaroel,Clarence Delgado
Kathryn Bernardo,Miles Ocampo
Aiko Melendez,Maria Isabel Lopez
Dominic Ochoa,Jeremiah Lisbo
Arno Morales,Miles Ocampo
Mylene Dizon,Nonie Buencamino
Dante Basco,Liza Soberano
John Estrada,Saul Reichlin
Ian Veneracion,Richard Gomez
John Lapus,Liza Soberano
Allan Paule,Luz Valdez
Marissa Delgado,Robin Padilla
Denise Laurel,Lei Andre Navarro
Carmina Villarroel,Gina Pareño
Cristine Reyes,JC de Vera
Archie Alemania,Arron Villaflor
Lassy Marquez,Onyok Pineda
Art Acuña,Bing Pimentel
Chienna Filomeno,Yves Flores
Angelica Panganiban,Paulo Avelino
Carlo Aquino,Gloria Diaz
Khalil Ramos,Sofia Andres
Cris Villanueva,Kate Alejandrino
Eugene Domingo,Serena Dalrymple
Kaka Bautista,Kathryn Bernardo
Benjamin Alves,Mon Confiado
Coco Martin,Kiray Celis
Dennis Padilla,Pilita Corrales
Alex Gonzaga,Bimby Aquino-Yap
Daniel Padilla,Marco Gumabao
Al Tantay,Tom Rodriguez
Aga Muhlach,Sandy Andolong
Badjie Mortiz,Rio Locsin
Gina Pareño,Miguel Vergara
Jon Lucas,Liza Soberano
Aiko Melendez,Ana Capri
Alex Calleja,Anne Curtis
JC Santos,Jess Mendoza
Derek Ramsay,Hannah Ladesma
Kris Aquino,Liza Lorena
Empress Schuck,Gwen Zamora
Al Tantay,Cherry Pie Picache
Bea Alonzo,Ina Feleo
Enrique Gil,Joey Marquez
John Estrada,John Lapus
Vilma Santos,Xian Lim
Adam Chan,Gloria Sevilla
Alex Medina,Jerry O'Hara
Joross Gamboa,Sharon Cuneta
Aga Muhlach,TJ Trinidad
Jeffrey Quizon,Ronnie Lazaro
Markus Paterson,Vance Larena
Gardo Versoza,Soxy Topacio
John Lloyd Cruz,Ronaldo Valdez
Dolly De Leon,Nino Muhlach
Jake Cuenca,Maxene Magalona
Ejay Falcon,Maricel Soriano
Cris Villanueva,Jerry O'Hara
Julia Barretto,Shamaine Centenera
Joem Bascon,Mylene Dizon
Alwyn Uytingco,Juan Miguel Severo
Joey Marquez,Tetchie Agbayani
Princess,Rez Cortez
Alessandra de Rossi,Kokoy DeSantos
Almira Muhlach,Martin del Rosario
Isabel Sandoval,Ivory Aquino
Alex Medina,Paulo Avelino
Jon Lucas,Myrtle Sarrosa
Rez Cortez,Soxy Topacio
Kat Alano,Ron Morales
Dennis Padilla,Matteo Guidicelli
Luz Valdez,Princess
Erin Ocampo,Tonton Gutierrez
Jeric Raval,Maris Racal
Derek Ramsay,Jennylyn Mercado
Ai-Ai de las Alas,Daniel Padilla
Liza Lorena,Maja Salvador
Archi Adamos,Jess Mendoza
Allen Dizon,Ruby Ruiz
Allen Dizon,Derek Ramsay
Ian Veneracion,Marco Gumabao
Gloria Diaz,Jeffrey Quizon
Alwyn Uytingco,Susan Africa
JM de Guzman,Ketchup Eusebio
Jeremiah Lisbo,Toni Gonzaga
Daniel Padilla,Zanjoe Marudo
Donita Rose,Kean Cipriano
Arlene Muchlach,Daniel Padilla
Charlie Dizon,Dominic Ochoa
Alex Calleja,Ricky Pascua
Erin Ocampo,Jon Lucas
Enrique Gil,Sylvia Sanchez
Kris Aquino,Tirso Cruz III
Andrea Leigh,Lev Gorn
Isabelle Daza,John Lloyd Cruz
Paulo Avelino,Perla Bautista
Dimples Romana,Paulo Avelino
Bing Pimentel,Mylene Dizon
Charlie Dizon,Toni Gonzaga
Donita Rose,Ronaldo Valdez
Alma Moreno,Katrina Michelle Legaspi
Baron Geisler,Maricel Soriano
Badjie Mortiz,MC Calaquian
Dennis Padilla,Xian Lim
Ria Atayde,Susan Africa
Assunta de Rossi,Matet De Leon
Joem Bascon,MC Calaquian
Anna Luna,Cris Villonco
Dante Basco,Steve Blum
Irma Adlawan,Pinky Amador
Kathryn Bernardo,Maria Isabel Lopez
Joross Gamboa,Zanjoe Marudo
John Arcilla,Lorenz Martinez
Archie Alemania,Paulo Avelino
Ketchup Eusebio,Ronnie Lazaro
JM de Guzman,Nico Antonio
Aleck Bovick,Dexter Doria
Cai Cortez,Joross Gamboa
Kathryn Bernardo,Matteo Guidicelli
Jhong Hilario,Kris Aquino
Liza Lorena,Wendell Ramos
Cheska Iñigo,Hannah Ledesma
Joross Gamboa,Via Antonio
Jameson Blake,Pinky Amador
Al Tantay,Arno Morales
Julia Barretto,Robin Padilla
Hasmine Killip,Maria Isabel Lopez
John Arcilla,Leo Martinez
Ahron Villena,Tirso Cruz III
Lui Manansala,Nino Muhlach
Darren Criss,Jon Jon Briones
Lynn Cohen,PJ Boudousqué
Enchong Dee,Kakai Bautista
Alex Medina,Archie Alemania
Dante Basco,Shay Mitchell
Jameson Blake,Jeremiah Lisbo
Arjo Atayde,Brandon Vera
Markus Paterson,Milo Elmido Jr.
Markus Paterson,Mercedes Cabral
Kat Alano,Tirso Cruz III
Maricel Soriano,TJ Trinidad
Kyra Custodio,Miguel Vergara
Ronnie Quizon,Suzette Ranillo
Nonie Buencamino,Sylvia Sanchez
Lou Diamond Phillips,Steve Blum
Miguel Vergara,Yves Flores
Rayver Cruz,Sarah Geronimo
TJ Trinidad,Victor Silayan
Andrea Leigh,PJ Boudousqué
Dante Rivero,Matet De Leon
Eddie Garcia,Rez Cortez
Via Antonio,Yayo Aguila
Cris Villonco,Sarah Geronimo
Arron Villaflor,Empress Schuck
Sandy Andolong,Yuan Francisco
Anne Curtis,Tirso Cruz III
Carlo Aquino,Nikki Valdez
Dennis Padilla,Tirso Cruz III
Mercedes Cabral,Miel Espinoza
Joey Marquez,Maricel Soriano
Irma Adlawan,Joao Constancia
Elisse Joson,Milo Elmido Jr.
Almira Muhlach,Tony Labrusca
Kyra Custodio,Yves Flores
Gardo Versoza,Kathryn Bernardo
Jhong Hilario,Maja Salvador
Lou Diamond Phillips,Shay Mitchell
Joshua Garcia,Robin Padilla
Edward Barber,Raymond Lauchengco
Raffa Esplana,Sue Ramirez
Derek Ramsay,Felix Roco
Kim Chiu,Mercedes Cabral
Clarence Delgado,Dominic Ochoa
Elora Espano,Mary Joy Apostol
Gardo Versoza,Riva Quenery
Brandon Vera,Levi Ignacio
Ara Mina,Neils Coleta
Aiko Melendez,Enrique Gil
Bobby Andrews,Gerald Madrid
JM de Guzman,Mercedes Cabral
Nonie Buencamino,Ronnie Lazaro
Rosanna Roces,Via Antonio
Ronnie Alonte,Shamaine Centenera
Ina Feleo,Richard Gomez
Karla Estrada,MC Calaquian
Joem Bascon,Ketchup Eusebio
Belle Mariano,Toni Gonzaga
Miles Ocampo,Rowell Santiago
John Estrada,Makisig Morales
Cristine Reyes,Kean Cipriano
Alessandra de Rossi,Alex Medina
Ahron Villena,TJ Trinidad
JC Santos,Janine Gutierrez
Daniel Padilla,Herbert Bautista
Markus Paterson,Martin del Rosario
Kit Thompson,Odette Khan
Clarence Delgado,Janus del Prado
Arlene Muchlach,Huybs Azarcon
Almira Muhlach,JM de Guzman
Ai-Ai de las Alas,Deejay Durano
Clarence Delgado,Kakai Bautista
Huybs Azarcon,Ruffa Gutierrez
Eamon Farren,Ivory Aquino
Christopher Roxas,Yassi Pressman
Angelica Panganiban,Carlo Aquino
Andrea Del Rosario,Lander Vera Perez
Irma Adlawan,Miles Ocampo
Edgar Allan Guzman,Joshua Garcia
Beatriz Saw,JM de Guzman
Kathryn Bernardo,Tirso Cruz III
Ariel Rivera,Julia Barretto
Enrique Gil,Xia Vigor
Art Acuña,Leo Martinez
Carlo Aquino,Gerald Anderson
Dimples Romana,James Blanco
Lorenz Martinez,Ronnie Lazaro
Jeffrey Tam,Neils Coleta
Jake Macapagal,Jomari Angeles
Joey Marquez,Neils Coleta
Aiko Melendez,Marissa Delgado
Cris Villonco,Teddy Corpuz
Archi Adamos,Janine Gutierrez
John Arcilla,Mylene Dizon
Leo Martinez,Paulo Avelino
Jeremiah Lisbo,Pinky Amador
John Lloyd Cruz,Joross Gamboa
Ivory Aquino,Lev Gorn
Bie Ruaro,JC Santos
Bing Pimentel,Ketchup Eusebio
Alexa Ilacad,Angel Locsin
Darren Espanto,Jean Garcia
Ariel Rivera,Jelson Bay
Darren Espanto,Ria Atayde
Al Tantay,John Lloyd Cruz
Edward Barber,Tim Donadt
Nicole Scherzinger,Steve Blum
Beatriz Saw,Carlos Agassi
Joross Gamboa,Nonie Buencamino
Arlene Muhlach,Herbert Bautista
Dingdong Dantes,Vice Ganda
Gloria Diaz,Kris Aquino
Hannah Ledesma,Jelson Bay
Arron Villaflor,Perla Bautista
Charlie Dizon,Pinky Amador
Dingdong Dantes,Ronaldo Valdez
Gigi De Lana,Toni Gonzaga
Juan Miguel Severo,Ria Atayde
Darren Espanto,Kathryn Bernardo
Aiko Melendez,Gerald Anderson
Liza Soberano,Sunshine Cruz
JM de Guzman,Martin del Rosario
Alex Medina,Jeffrey Quizon
Bobby Andrews,Maricel Soriano
Archi Adamos,Bie Ruaro
Angel Locsin,Minnie Aguilar
Badjie Mortiz,Teddy Corpuz
Cris Villonco,Mercedes Cabral
Nonie Buencamino,Victor Neri
Shy Carlos,Yassi Pressman
Aiko Melendez,Kathryn Bernardo
Al Tantay,Billy Crawford
Roxanne Guinoo,Varoon Kessop
Piolo Pascual,Sarah Geronimo
Dingdong Dantes,Donita Rose
Nicole Scherzinger,Shay Mitchell
Jelson Bay,Julia Barretto
Dominic Ochoa,Irma Adlawan
Kate Alejandrino,Mercedes Cabral
Baron Geisler,TJ Trinidad
John Estrada,Matthew Rutherford
Chienna Filomeno,Ricky Davao
Alwyn Uytingco,Eugene Domingo
Edgar Allan Guzman,Odette Khan
Arjo Atayde,Lao Rodriguez
Carlo Aquino,Cherry Pie Picache
Enchong Dee,Jeremiah Lisbo
Al Tantay,Beauty Gonzalez
Andre Garcia,Gio Alvarez
Leo Martinez,Mon Confiado
Jess Mendoza,Ruby Ruiz
Christopher Roxas,Louise De Los Reyes
Arci Muñoz,James Blanco
Ivory Aquino,Lynn Cohen
Ina Raymundo,Ronnie Alonte
Joross Gamboa,Maymay Entrata
Bea Alonzo,Dominic Ochoa
Liza Soberano,Sue Ramirez
Daniel Padilla,Janus del Prado
Soliman Cruz,Yves Flores
Brandon Vera,Lao Rodriguez
Daniel Padilla,Gardo Versoza
Daniel Padilla,Kit Thompson
Maricar Reyes,Pamu Pamorada
Jennylyn Mercado,Yayo Aguila
Jeremiah Lisbo,Joao Constancia
Geleen Eugenio,Nikki Valdez
Bing Pimental,Rowell Santiago
Ivory Aquino,PJ Boudousqué
Akihiro Blanco,Paolo Ballesteros
Bea Alonzo,Toni Gonzaga
Kathryn Bernardo,Lovely Abella
Odette Khan,Ria Atayde
Allan Paule,Archi Adamos
Andre Garcia,Isabelle Daza
Joross Gamboa,Tobie Dela Cruz
Bibeth Orteza,Princess
Freddie Webb,Toni Gonzaga
Coco Martin,Gloria Sevilla
Almira Muhlach,Jerry O'Hara
Al Tantay,Angel Locsin
Herbert Bautista,Huybs Azarcon
Isabelle Daza,Joross Gamboa
Charlie Dizon,Joao Constancia
Archie Alemania,Jeffrey Quizon
Dido Dela Paz,Rolando T. Inocencio
Carlo Aquino,Yuki Kadooka
Ricky Davao,Yves Flores
Bea Alonzo,James Blanco
Dennis Padilla,Kathryn Bernardo
Armida Siguion-Reyna,Joey Paras
Bea Alonzo,Kakai Bautista
Varoon Kessop,Yuan Francisco
Markus Paterson,Tony Labrusca
Angel Locsin,Gina Pareño
Felix Roco,JC Santos
Cris Villonco,Martin del Rosario
Devon Seron,Vilma Santos
Kakai Bautista,Toni Gonzaga
Glaiza De Castro,Ronaldo Valdez
Angeline Quinto,Bea Alonzo
Saara Chaudry,Soma Bhatia
Enrique Gil,Liza Soberano
Edgar Allan Guzman,Maricar Reyes
MC Calaquian,Marco Masa
Gloria Diaz,Serena Dalrymple
Erin Ocampo,Sunshine Cruz
Joross Gamboa,Rowell Santiago
Denise Laurel,Paulo Avelino
Kate Alejandrino,Martin del Rosario
John Lloyd Cruz,Tetchie Agbayani
Jeffrey Tam,Lovely Abella
Alex Medina,Markus Paterson
Dominic Ochoa,Jameson Blake
Daniel Padilla,John Lapus
Carlos Agassi,John Lloyd Cruz
Jhong Hilario,John Manalo
Gerald Anderson,Victor Silayan
Belle Mariano,Pinky Amador
Arci Muñoz,Carlo Aquino
Chienna Filomeno,Marco Gumabao
Lloyd Zaragoza,Matt Evans
Arron Villaflor,Paulo Avelino
Meryll Soriano,Soliman Cruz
Al Tantay,Dante Rivero
Andrea Leigh,Isabel Sandoval
John Lloyd Cruz,Johnny Revilla
Devon Seron,Nonie Buencamino
Raffa Esplana,Sandy Andolong
Clarence Delgado,Jeremiah Lisbo
Nonie Buencamino,Ricky Pascua
Kim Chiu,Tony Labrusca
Dante Basco,Jon Jon Briones
Dennis Padilla,Yayo Aguila
Janus del Prado,Paulo Avelino
CJ Navato,Clarence Delgado
Erin Ocampo,Sue Ramirez
Chin Chin Gutierrez,Dante Rivero
Lassy Marquez,Nadine Lustre
Kathryn Bernardo,Matet De Leon
Joey Paras,Soxy Topacio
JM de Guzman,Tony Labrusca
Andre Garcia,Rowell Santiago
Enchong Dee,Joey Marquez
Cherry Pie Picache,Serena Dalrymple
Liza Soberano,Neils Coleta
Sunshine Cruz,Tonton Gutierrez
John Arcilla,Ketchup Eusebio
Ara Mina,Ryan Bang
Ali Badshah,Soma Chhaya
Beverly Salviejo,Luz Valdez
Ejay Falcon,JC de Vera
Lassy Marquez,Matet De Leon
Alden Richards,Kaka Bautista
Lassy Marquez,Ryan Bang
Christian Bables,Yayo Aguila
Bimby Aquino-Yap,Tom Rodriguez
Jomari Angeles,Khalil Ramos
Angelica C. Ferro,Arnold Reyes
Eugene Domingo,Yuki Kadooka
Gerald Anderson,Ricci Chan
Kawa Ada,Soma Chhaya
Billy Crawford,Dimples Romana
Beatriz Saw,John Lloyd Cruz
Cai Cortez,Neils Coleta
Alvin Anson,Mon Confiado
Alvin Anson,Nonie Buencamino
Cai Cortez,Gigi De Lana
Bie Ruaro,Ruby Ruiz
Anthony Jennings,Kathryn Bernardo
Jennylyn Mercado,Via Antonio
Ricci Chan,Tirso Cruz III
Aiko Melendez,Joshua Garcia
Gigi De Lana,Pinky Amador
Chai Fonacier,Paolo Ballesteros
Dante Rivero,John Lloyd Cruz
Bernard Palanca,Rowell Santiago
Gardo Versoza,Joey Paras
Miguel Vergara,Ricky Davao
Belle Mariano,Joao Constancia
Laara Sadiq,Soma Bhatia
Allan Paule,Sky Teotico
Jeffrey Tam,Kathryn Bernardo
Jeffrey Tam,Ryan Bang
Cai Cortez,Charlie Dizon
Daniel Padilla,Ian Veneracion
Carmina Villarroel,Dingdong Dantes
Joey Marquez,Ricky Davao
Edward Barber,Maureen Mann
Ali Badshah,Laara Sadiq
Adrian Alandy,Enrique Gil
Alex Diaz,Chienna Filomeno
Lloyd Zaragoza,Zeppi Borromeo
Badjie Mortiz,Marco Masa
Alex Diaz,Liza Soberano
Kiray Celis,Lassy Marquez
Kyra Custodio,Ricky Davao
Angel Locsin,Angeline Quinto
Maris Racal,Sarah Geronimo
Deejay Durano,Shaina Magdayao
Al Tantay,Dawn Zulueta
Ana Capri,Tom Rodriguez
Cristine Reyes,Freddie Webb
Armand Reyes,Meryll Soriano
Allan Paule,Princess
Dominic Ochoa,Gillian Vicencio
Gardo Versoza,Herbert Bautista
Awra Briguela,Joem Bascon
Angelica Panganiban,John Arcilla
Gabby Padilla,Jaclyn Jose
Kawa Ada,Laara Sadiq
Princess,Soxy Topacio
Dexter Doria,Sue Ramirez
Cris Villonco,Tony Labrusca
Pepe Herrera,Vice Ganda
Isabel Sandoval,Leif Steinert
Darren Espanto,Odette Khan
Liza Lorena,Sharon Cuneta
Lev Gorn,Lynn Cohen
Angeline Quinto,Sam Milby
Kathryn Bernardo,Sharon Cuneta
Bea Alonzo,Pinky Amador
Aga Muhlach,Donita Rose
Kate Alejandrino,Tony Labrusca
Alex Diaz,Myrtle Sarrosa
Cherry Pie Picache,Deejay Durano
Arnold Reyes,Dido Dela Paz
Jon Lucas,Tonton Gutierrez
Lovely Abella,Maricel Laxa
Lander Vera Perez,Yassi Pressman
Al Tantay,Joross Gamboa
Alora Sasam,Ruffa Gutierrez
Gigi De Lana,Joao Constancia
Akihiro Blanco,Kiko Matos
Billy Crawford,Khalil Ramos
Angel Locsin,Nor Domingo
Gillian Vicencio,Kakai Bautista
Pepe Herrera,Toni Gonzaga
Alex Medina,Khalil Ramos
Marco Gumabao,Miguel Vergara
Clarence Delgado,Daniel Padilla
Arron Villaflor,Benjamin Alves
Matthew Rutherford,Mickey Ferriols
Deejay Durano,Xyriel Manabat
Baron Geisler,Chin Chin Gutierrez
Alwyn Uytingco,Dennis Padilla
Ricci Chan,TJ Trinidad
Matthew Rutherford,Rica Peralejo
Kakai Bautista,Pinky Amador
Cris Villonco,JM de Guzman
Daniel Padilla,Lorna Tolentino
Angel Locsin,Xian Lim
Cacai Bautista,Carlo Aquino
Lloyd Zaragoza,Pilita Corrales
Paolo Ballesteros,Roxanne Barcelo
Cherry Pie Picache,Sam Milby
Christian Bables,Via Antonio
Cristine Reyes,Derek Ramsay
Ku Aquino,Rolando T. Inocencio
Ai-Ai de las Alas,Yuki Kadooka
Claudine Barretto,Kris Aquino
Enchong Dee,Sarah Geronimo
Allen Dizon,Vince Rillon
Maria Isabel Lopez,Raymond Lee
Mercedes Cabral,Simon Ibarra
Carmina Villaroel,Minnie Aguilar
Daniel Padilla,Igi Boy Flores
Deejay Durano,Eugene Domingo
Coney Reyes,Enchong Dee
Irma Adlawan,Pamu Pamorada
Shaina Magdayao,Yuki Kadooka
Andrea Del Rosario,Louise De Los Reyes
Joshua Garcia,Manuel Chua
Cai Cortez,Enrique Gil
Jomari Angeles,Kokoy DeSantos
Armida Siguion-Reyna,Rez Cortez
Marco Gumabao,Yves Flores
Claire Jeater,Sharon Cuneta
Jameson Blake,Kaka Bautista
Charo Santos,Gabby Padilla
Kyra Custodio,Marco Gumabao
JM de Guzman,Jerry O'Hara
Dimples Romana,Khalil Ramos
Jennylyn Mercado,Kean Cipriano
Coco Martin,JM de Guzman
Herbert Bautista,Riva Quenery
Liza Soberano,Myrtle Sarrosa
Akihiro Blanco,Martin del Rosario
Justin Cuyugan,Mart Escudero
Bea Alonzo,Joao Constancia
John Arcilla,TJ Trinidad
Deejay Durano,Jiro Manio
Bernard Palanca,Rayver Cruz
Angel Locsin,Gigi De Lana
Kathryn Bernardo,Zanjoe Marudo
Karla Estrada,Marco Masa
Ali Badshah,Kawa Ada
Igi Boy Flores,Khalil Ramos
Michael De Mesa,Nor Domingo
Matt Evans,Ricci Chan
Joao Constancia,Kakai Bautista
Dingdong Dantes,Gina Pareño
Maureen Mann,Raymond Lauchengco
Alex Medina,Ronnie Lazaro
Belle Mariano,Cai Cortez
Lander Vera Perez,Louise De Los Reyes
Christian Bables,Rosanna Roces
Michael De Mesa,Xian Lim
Alvin Anson,Joem Bascon
Joshua Garcia,Pilar Pilapil
Ana Capri,Joshua Garcia
Armida Siguion-Reyna,Bibeth Orteza
Daniel Padilla,Joey Marquez
Eddie Garcia,Soxy Topacio
Xian Lim,Zeppi Borromeo
Martin del Rosario,Pilita Corrales
Joross Gamboa,Lao Rodriguez
Jelson Bay,Roxanne Guinoo
Enchong Dee,Irma Adlawan
Cris Villanueva,Maria Isabel Lopez
Miguel Vergara,Zanjoe Marudo
Louise De Los Reyes,Sam Concepcion
Miles Ocampo,Sarah Geronimo
Sue Ramirez,Tonton Gutierrez
Mickey Ferriols,Rica Peralejo
Mary Joy Apostol,Ronnie Quizon
John Manalo,Matthew Rutherford
Cris Villonco,Kate Alejandrino
Ina Raymundo,Julia Barretto
Dawn Zulueta,Pamu Pamorada
Chai Fonacier,Milo Elmido Jr.
John Arcilla,Mary Joy Apostol
Arron Villaflor,Jeffrey Quizon
Elijah Canlas,Ruby Ruiz
Angelica C. Ferro,Ku Aquino
Sandy Andolong,Tim Donadt
Jerald Napoles,Toni Gonzaga
Carlos Agassi,Joross Gamboa
Liza Soberano,Ryan Bang
Justin Cuyugan,Pamu Pamorada
Angelica Panganiban,Irma Adlawan
Kathryn Bernardo,Odette Khan
Al Tantay,Tetchie Agbayani
Armand Reyes,Yves Flores
Alvin Anson,Lorenz Martinez
Arci Muñoz,Khalil Ramos
Laara Sadiq,Saara Chaudry
Maricar Reyes,Odette Khan
Chai Fonacier,Kiko Matos
Awra Briguela,Kiray Celis
Gabby Concepcion,Kathryn Bernardo
Christopher Roxas,Shy Carlos
Dennis Padilla,Herbert Bautista
Cai Cortez,Ryan Bang
Christian Bables,John Lloyd Cruz
Cris Villonco,Jerry O'Hara
Irma Adlawan,Matet De Leon
Sandy Andolong,Varoon Kessop
Bernard Palanca,Boots Anson-Roa
Archie Alemania,Ronnie Lazaro
Nino Muhlach,RK Bagatsing
Bobby Andrews,JC de Vera
Bembol Roco,Markus Paterson
Al Tantay,Johnny Revilla
Liza Soberano,Steve Blum
Elora Espano,Jaclyn Jose
Aiko Melendez,Carmina Villaroel
Alex Medina,Kokoy DeSantos
Jean Garcia,Kathryn Bernardo
Erin Ocampo,Myrtle Sarrosa
Arlene Muchlach,Dennis Padilla
Gardo Versoza,Rez Cortez
Maureen Mann,Tim Donadt
Anne Curtis,Nonie Buencamino
Janella Salvador,Kate Alejandrino
Badjie Mortiz,Dennis Padilla
Germaine De Leon,KC Montero
Cherry Pie Picache,Lito Pimentel
Khalil Ramos,Sue Ramirez
Charlie Dizon,Jameson Blake
Bie Ruaro,Elijah Canlas
Bea Alonzo,Khalil Ramos
Coney Reyes,Shaina Magdayao
Jett Pangan,Piolo Pascual
Kiray Celis,Pepe Herrera
James Blanco,Janus del Prado
Arci Muñoz,Bea Alonzo
Liza Soberano,Yayo Aguila
Almira Muhlach,Markus Paterson
Beatriz Saw,Joross Gamboa
Joross Gamboa,Lotlot De Leon
Carmi Martin,John Arcilla
Enchong Dee,Jameson Blake
Gloria Diaz,Kathryn Bernardo
Gillian Vicencio,Jeremiah Lisbo
Martin del Rosario,Xian Lim
Devon Seron,Robert Villar
MC Calaquian,Vice Ganda
Chai Fonacier,Martin del Rosario
Erlinda Villalobos,Maria Isabel Lopez
Archi Adamos,Ruby Ruiz
Angelica Panganiban,Mart Escudero
Chin Chin Gutierrez,Gerald Madrid
Arno Morales,John Lloyd Cruz
Lloyd Zaragoza,Tirso Cruz III
Alexa Ilacad,Nor Domingo
Ian Veneracion,Khalil Ramos
Dante Rivero,Joross Gamboa
Clarence Delgado,Irma Adlawan
Arlene Muchlach,Ruffa Gutierrez
Ahron Villena,Janus del Prado
Bobby Andrews,Chin Chin Gutierrez
Lou Veloso,Paolo Ballesteros
Bea Alonzo,Cai Cortez
Dexter Doria,Nino Muhlach
JM de Guzman,Toni Gonzaga
Ahron Villena,James Blanco
Alexa Ilacad,Xian Lim
Adam Chan,Noel Trinidad
Anna Luna,Badjie Mortiz
Carmi Martin,Paolo Ballesteros
RK Bagatsing,Sue Ramirez
Daniel Padilla,Juan Miguel Severo
Khalil Ramos,Nor Domingo
Belle Mariano,Gigi De Lana
Arlene Muchlach,Jeffrey Tam
Enzo Marcos,Hannah Ladesma
Bing Pimental,Sarah Geronimo
Cristine Reyes,Ketchup Eusebio
Daphne Oseña-Paez,Miles Ocampo
Empoy Marquez,Lloyd Zaragoza
Bea Alonzo,Maxene Magalona
Khalil Ramos,Xian Lim
Lei Andre Navarro,Paulo Avelino
Matt Evans,Zeppi Borromeo
Belle Mariano,Charlie Dizon
Ketchup Eusebio,Ronaldo Valdez
Gerald Anderson,Liza Lorena
Anthony Jennings,Herbert Bautista
Allan Paule,Manuel Chua
Adam Chan,Freddie Webb
Bing Pimental,Daphne Oseña-Paez
Bea Alonzo,Gabby Padilla
Daniel Padilla,Susan Africa
Alex Calleja,Arjo Atayde
Gloria Sevilla,Pepe Herrera
Dennis Padilla,Janus del Prado
John Arcilla,Roxanne Barcelo
Eamon Farren,Lynn Cohen
Alexa Ilacad,Gigi De Lana
Enzo Marcos,Jennylyn Mercado
Angelica Panganiban,Pamu Pamorada
Beatriz Saw,Dimples Romana
Denise Laurel,Dimples Romana
Glaiza De Castro,Maja Salvador
Alonzo Muhlach,Karla Estrada
Carlo Aquino,Cris Villanueva
Daniel Padilla,Inigo Pascual
Alden Richards,Jeffrey Tam
Miel Espinoza,Simon Ibarra
Daphne Oseña-Paez,Johnny Revilla
Hasmine Killip,Raymond Lee
Coco Martin,Lassy Marquez
Ahron Villena,Victor Silayan
Joross Gamboa,Ketchup Eusebio
Carlo Aquino,Ricci Chan
Tonton Gutierrez,Yayo Aguila
Enrique Gil,Ronaldo Valdez
Joross Gamboa,Tommy Esguerra
Dolly De Leon,Lui Manansala
Joem Bascon,Mon Confiado
Alexa Ilacad,Charlie Dizon
Boots Anson-Roa,Claudine Barretto
Joem Bascon,Nonie Buencamino
Ai-Ai de las Alas,Vice Ganda
Joshua Garcia,Odette Khan
Erin Ocampo,Yayo Aguila
Chin Chin Gutierrez,Maricel Soriano
Gloria Diaz,Yuki Kadooka
Angel Locsin,Matet De Leon
Michelle Vito,Shaina Magdayao
Elijah Canlas,Elora Espano
Clarence Delgado,Jameson Blake
Charo Santos,Mary Joy Apostol
John Lloyd Cruz,Matet De Leon
Dimples Romana,Mart Escudero
Elora Espano,Ronnie Quizon
Bembol Roco,McCoy De Leon
Bing Pimental,Irma Adlawan
Ahron Villena,Carlo Aquino
Kean Cipriano,Ronaldo Valdez
Mon Confiado,Perla Bautista
Matet De Leon,Shaina Magdayao
Anita Linda,Bea Alonzo
Leo Martinez,Ronnie Lazaro
Ana Abad-Santos,Manuel Chua
Aiko Melendez,Cris Villanueva
Tirso Cruz III,Vice Ganda
Alwyn Uytingco,Carlo Aquino
Enchong Dee,Gillian Vicencio
Kathryn Bernardo,Tobie Dela Cruz
Benjamin Alves,Empress Schuck
Kawa Ada,Noorin Gulamgaus
Cristine Reyes,Tirso Cruz III
Badjie Mortiz,Vice Ganda
Leif Steinert,Lev Gorn
Chienna Filomeno,Kyra Custodio
Joross Gamboa,Nico Antonio
Andre Garcia,Sarah Geronimo
Dawn Zulueta,Sofia Andres
Carmina Villaroel,Liza Lorena
Glaiza De Castro,Wendell Ramos
Arlene Muhlach,Huybs Azarcon
Kathryn Bernardo,Kit Thompson
Charlie Dizon,Clarence Delgado
Daniel Padilla,John Estrada
Bing Pimentel,Mon Confiado
Jon Lucas,Sunshine Cruz
Bing Pimentel,Nonie Buencamino
Al Tantay,Daphne Oseña-Paez
Bea Alonzo,Irma Adlawan
Jeffrey Tam,Maymay Entrata
Cris Villanueva,Nikki Valdez
Ina Raymundo,Maris Racal
Cherry Pie Picache,Yuki Kadooka
Arno Morales,Dante Rivero
Kit Thompson,Susan Africa
James Reid,Karla Estrada
Assunta de Rossi,MC Calaquian
Angel Locsin,Cherry Pie Picache
Inigo Pascual,Kathryn Bernardo
Charo Santos,Gillian Vicencio
Joross Gamboa,Victor Neri
KC Montero,Ronnie Lazaro
Carlo Aquino,Matt Evans
Dimples Romana,Pamu Pamorada
Dante Rivero,Johnny Revilla
Sam Milby,Shaina Magdayao
Maria Isabel Lopez,Meryll Soriano
Carmina Villaroel,Gigi De Lana
Agot Isidro,Dingdong Dantes
Kiray Celis,Onyok Pineda
Jan Silverio,Markus Paterson
Gwen Zamora,Perla Bautista
Enrique Gil,Tonton Gutierrez
Bernard Palanca,Sarah Geronimo
Marco Gumabao,Ricky Davao
Igi Boy Flores,Pamu Pamorada
Arnold Reyes,Elora Espano
Jhong Hilario,Ronaldo Valdez
Alvin Anson,John Arcilla
Jon Lucas,Sue Ramirez
JC Santos,Sky Teotico
Sharon Cuneta,Tobie Dela Cruz
MC Calaquian,Pepe Herrera
Richard Gomez,Sofia Andres
Myrtle Sarrosa,Tonton Gutierrez
Angie Ferro,Maria Isabel Lopez
Aga Muhlach,John Arcilla
Dominic Ochoa,Toni Gonzaga
Glaiza De Castro,Liza Lorena
Leo Rialp,Sarah Geronimo
Bie Ruaro,Jess Mendoza
Dennis Padilla,Leo Rialp
Isabelle Daza,Matet De Leon
Leif Steinert,PJ Boudousqué
Jeffrey Quizon,Leo Martinez
Janus del Prado,Khalil Ramos
Marco Gumabao,Richard Gomez
Adrian Alandy,Nonie Buencamino
Bembol Roco,Paulo Angeles
Jean Garcia,Odette Khan
Angelica Panganiban,Dingdong Dantes
Enrique Gil,Jon Lucas
Bela Padilla,Richard Gutierrez
Elisse Joson,Markus Paterson
Cherry Pie Picache,Joshua Garcia
Clarence Delgado,Gillian Vicencio
Allan Paule,Joshua Garcia
Gerald Anderson,TJ Trinidad
Christian Bables,Joross Gamboa
Aga Muhlach,Bea Alonzo
Alessandra de Rossi,Empoy Marquez
Bobby Andrews,Ejay Falcon
Gabby Padilla,Vance Larena
Bea Alonzo,Jameson Blake
Beverly Salviejo,Princess
Manny Jacinto,Steve Blum
Ai-Ai de las Alas,Jeffrey Quizon
Cris Villanueva,Kathryn Bernardo
Karla Estrada,Vice Ganda
CJ Navato,Michelle Vito
JM de Guzman,Markus Paterson
Albie Casiño,Tim Donadt
Dennis Padilla,Kim Chiu
Mon Confiado,Paulo Avelino
Carlos Agassi,Ketchup Eusebio
Agot Isidro,Angelica Panganiban
Bernard Palanca,Irma Adlawan
Nico Antonio,Toni Gonzaga
Derek Ramsay,Kat Alano
Cesar Montano,Robert Villar
John Arcilla,Paulo Avelino
Ariel Rivera,Liza Soberano
Sue Ramirez,Sunshine Cruz
Roxanne Guinoo,Sandy Andolong
Belle Mariano,Clarence Delgado
Archi Adamos,Elijah Canlas
Dingdong Dantes,Enrique Gil
Lander Vera Perez,Shy Carlos
Arron Villaflor,Ronnie Lazaro
Manny Jacinto,Shay Mitchell
James Blanco,Shamaine Centenera
Alvin Anson,Ketchup Eusebio
Beauty Gonzalez,Sam Milby
Daniel Padilla,Liza Soberano
Irma Adlawan,John Lloyd Cruz
Maritoni Fernandez,Pilar Pilapil
Angelica Panganiban,JM de Guzman
Gerald Anderson,Marissa Delgado
JC de Vera,Maricel Soriano
Irma Adlawan,Maricar Reyes
Alex Medina,Alvin Anson
Laara Sadiq,Shaista Latif
Daniel Padilla,Xyriel Manabat
Ana Capri,Dawn Zulueta
Kim Chiu,Matt Evans
Ana Abad-Santos,Joshua Garcia
Joross Gamboa,Ricky Pascua
Dante Rivero,Maricel Soriano
Angel Locsin,Zanjoe Marudo
Joross Gamboa,Kaka Bautista
Lou Veloso,Martin del Rosario
Gerald Madrid,TJ Trinidad
Ketchup Eusebio,Leo Martinez
Cherry Pie Picache,Odette Khan
Arron Villaflor,Gwen Zamora
Albie Casiño,Giselle Toengi
Jiro Manio,Serena Dalrymple
Carmi Martin,Martin del Rosario
Alex Diaz,Tonton Gutierrez
Carmina Villaroel,Enrique Gil
Joross Gamboa,Martin del Rosario
Felix Roco,Jess Mendoza
Bea Alonzo,Mary Joy Apostol
Alex Medina,Cris Villonco
Arlene Muchlach,Arlene Muhlach
Ahron Villena,Shamaine Centenera
Coco Martin,Pepe Herrera
Gwen Zamora,Paulo Avelino
Ian Veneracion,Pamu Pamorada
Dennis Padilla,Piolo Pascual
Paulo Avelino,Shaina Magdayao
Joem Bascon,Lorenz Martinez
Dimples Romana,Dingdong Dantes
Kelvin Miranda,Vance Larena
John Estrada,Julia Barretto
John Arcilla,Mon Confiado
Elora Espano,John Arcilla
John Arcilla,Nonie Buencamino
Maritoni Fernandez,Sharon Cuneta
Joey Marquez,Leo Rialp
Enrique Gil,Joross Gamboa
Angel Locsin,Devon Seron
Bing Pimentel,Joem Bascon
Angie Ferro,Armand Reyes
Boots Anson-Roa,Jhong Hilario
Markus Paterson,McCoy De Leon
Dennis Padilla,Rio Locsin
Julia Barretto,Maritoni Fernandez
Badjie Mortiz,Maris Racal
Carlo Aquino,Lotlot De Leon
Cris Villonco,Markus Paterson
Maria Isabel Lopez,Yves Flores
Minnie Aguilar,Shaina Magdayao
Shay Mitchell,Steve Blum
Gillian Vicencio,Irma Adlawan
Jan Silverio,Khalil Ramos
Alwyn Uytingco,Joey Marquez
Aiko Melendez,Daniel Padilla
Alex Diaz,Jon Lucas
Robin Padilla,Sharon Cuneta
Jeffrey Quizon,Mylene Dizon
Mylene Dizon,Paulo Avelino
Bernard Palanca,Claudine Barretto
Armida Siguion-Reyna,Soxy Topacio
Allan Paule,Joey Paras
Richard Manabat,Sylvia Sanchez
Kate Alejandrino,Markus Paterson
Dante Rivero,Daphne Oseña-Paez
Lito Pimentel,Maricel Laxa
Carmina Villaroel,Marissa Delgado
Armida Siguion-Reyna,Beverly Salviejo
Jameson Blake,Toni Gonzaga
Hannah Ladesma,Kean Cipriano
Eddie Garcia,Joey Paras
Jerry O'Hara,Kim Chiu
Cai Cortez,Carmina Villaroel
Christian Bables,Tetchie Agbayani
Rica Peralejo,Saul Reichlin
Carlo Aquino,Maine Mendoza
Bing Pimentel,Lorenz Martinez
Benjamin Alves,Paulo Avelino
Kim Chiu,Zeppi Borromeo
Felix Roco,Vince Rillon
Pilita Corrales,Zeppi Borromeo
Katrina Michelle Legaspi,Sam Milby
MC Calaquian,Onyok Pineda
Cesar Montano,Jomari Angeles
Kathryn Bernardo,Lorna Tolentino
Gardo Versoza,Huybs Azarcon
Carmina Villaroel,Gerald Anderson
Badjie Mortiz,Karla Estrada
Ronaldo Valdez,Wendell Ramos
Bernard Palanca,Glaiza De Castro
Dominic Ochoa,Pinky Amador
Jerry O'Hara,Miel Espinoza
Al Tantay,Matet De Leon
Elora Espano,Gabby Padilla
Freddie Webb,Germaine De Leon
Arlene Muhlach,Riva Quenery
Brandon Vera,Nonie Buencamino
Joross Gamboa,Richard Gomez
Bea Alonzo,Clarence Delgado
Igi Boy Flores,Sofia Andres
Chienna Filomeno,Sunshine Cruz
CJ Navato,Miles Ocampo
Matt Evans,TJ Trinidad
Deejay Durano,Jeffrey Quizon
Denise Laurel,Mart Escudero
Bie Ruaro,Janine Gutierrez
Alex Medina,Kate Alejandrino
Cris Villanueva,Joshua Garcia
Angel Locsin,Vilma Santos
Jean Garcia,Kit Thompson
Liza Soberano,Lou Diamond Phillips
Derek Ramsay,Yayo Aguila
Huybs Azarcon,Kathryn Bernardo
Ketchup Eusebio,Mylene Dizon
Markus Paterson,Paulo Angeles
Bea Alonzo,Dingdong Dantes
Al Tantay,Richard Gomez
Ricci Chan,Victor Silayan
Ahron Villena,Bea Alonzo
Sandy Andolong,Sue Ramirez
Dennis Padilla,Lotlot De Leon
Janella Salvador,Miel Espinoza
Alexa Ilacad,Belle Mariano
Anne Curtis,John Arcilla
Art Acuña,Mon Confiado
Makisig Morales,Mickey Ferriols
Gillian Vicencio,Shaina Magdayao
Art Acuña,Nonie Buencamino
Arno Morales,Johnny Revilla
Carmina Villaroel,Edgar Allan Guzman
Gabby Padilla,Mary Joy Apostol
Arnold Reyes,Mary Joy Apostol
Joem Bascon,Kiray Celis
Kim Chiu,Pilita Corrales
Alwyn Uytingco,Serena Dalrymple
Noorin Gulamgaus,Soma Bhatia
Makisig Morales,Rica Peralejo
Sam Milby,Zanjoe Marudo
Janine Gutierrez,Jess Mendoza
Jan Silverio,Vance Larena
Ana Capri,Tetchie Agbayani
Ara Mina,Joey Marquez
Germaine De Leon,Ronnie Lazaro
Carmina Villaroel,Cherry Pie Picache
Katya Santos,Sam Concepcion
Ai-Ai de las Alas,Kris Aquino
Carmi Martin,Roxanne Barcelo
Joross Gamboa,Roxanne Barcelo
Darren Espanto,Susan Africa
Angel Locsin,Beauty Gonzalez
Dominic Ochoa,Joao Constancia
Soma Bhatia,Soma Chhaya
Aiko Melendez,Liza Lorena
Angel Locsin,Katrina Michelle Legaspi
Martin del Rosario,Via Antonio
Miles Ocampo,Paulo Avelino
Sue Ramirez,Yuan Francisco
Denise Laurel,Pamu Pamorada
Nadine Lustre,Vice Ganda
Elisse Joson,Paulo Angeles
Daniel Padilla,Sofia Andres
Adam Chan,Jerald Napoles
Sylvia Sanchez,Xia Vigor
Baron Geisler,John Arcilla
Arlene Muchlach,Joey Marquez
Michelle Vito,Paulo Avelino
Sunshine Cruz,Yayo Aguila
Alwyn Uytingco,Sarah Geronimo
Coco Martin,Onyok Pineda
Gillian Vicencio,Mary Joy Apostol
Gabby Padilla,Gillian Vicencio
Lassy Marquez,MC Calaquian
Gabby Padilla,Sue Prado
Matet De Leon,Paulo Avelino
Freddie Webb,JM de Guzman
Geleen Eugenio,Lotlot De Leon
Clarence Delgado,Paulo Avelino
Carlo Aquino,Tirso Cruz III
Dante Rivero,TJ Trinidad
John Lapus,Kathryn Bernardo
Alden Richards,Maricel Laxa
Ahron Villena,Arci Muñoz
Tirso Cruz III,Zeppi Borromeo
Kathryn Bernardo,Lotlot De Leon
Carmi Martin,Cristine Reyes
Richard Manabat,Xia Vigor
Joao Constancia,Shaina Magdayao
Raffa Esplana,Roxanne Guinoo
Marlann Flores,Ron Morales
Eddie Garcia,Gardo Versoza
Angel Locsin,Carmina Villaroel
Eugene Domingo,Gloria Diaz
Lito Pimentel,Matteo Guidicelli
Felix Roco,Janine Gutierrez
Angelu De Leon,Ejay Falcon
Christopher Roxas,Marco Gumabao
Ian Veneracion,Sofia Andres
Enrique Gil,Sunshine Cruz
Alex Gonzaga,Vice Ganda
Martin del Rosario,Rosanna Roces
Jojo Riguerra,Maria Isabel Lopez
Agot Isidro,Angel Locsin
Gio Alvarez,Isabelle Daza
Jon Jon Briones,Lou Diamond Phillips
Geleen Eugenio,Maine Mendoza
Myrtle Sarrosa,Sunshine Cruz
Al Tantay,Alma Moreno
Billy Crawford,John Lloyd Cruz
Cheska Iñigo,Yuan Francisco
Enchong Dee,Toni Gonzaga
Kim Chiu,Xian Lim
Beauty Gonzalez,Cherry Pie Picache
Pilita Corrales,Xian Lim
Allan Paule,JC Santos
Janus del Prado,Lito Pimentel
Dingdong Dantes,Zanjoe Marudo
Rosanna Roces,Roxanne Barcelo
Angel Locsin,Carmina Villarroel
Alwyn Uytingco,Deejay Durano
Irma Adlawan,Joross Gamboa
Joem Bascon,John Arcilla
Derek Ramsay,Via Antonio
Angel Locsin,Kakai Bautista
Dennis Padilla,Huybs Azarcon
Ai-Ai de las Alas,Serena Dalrymple
Gwen Zamora,Jeffrey Quizon
Alex Medina,Bing Pimentel
Jake Macapagal,Robert Villar
Claire Jeater,Matthew Rutherford
Bela Padilla,Vice Ganda
Enrique Gil,Sue Ramirez
Daniel Padilla,Dennis Padilla
Angelica Panganiban,Bobby Andrews
Dennis Padilla,Enchong Dee
Lorenz Martinez,Mylene Dizon
John Arcilla,Ronnie Quizon
John Lloyd Cruz,Rowell Santiago
Carmina Villaroel,Joshua Garcia
Ana Capri,Maria Isabel Lopez
Jameson Blake,Markus Paterson
Al Tantay,Zanjoe Marudo
Bernard Palanca,Jhong Hilario
Cai Cortez,Minnie Aguilar
Andrea Leigh,Lynn Cohen
Arlene Muchlach,Cai Cortez
Ahron Villena,Beatriz Saw
Myrtle Sarrosa,Sue Ramirez
Allan Paule,Rez Cortez
Gloria Sevilla,Jerald Napoles
Irma Adlawan,Minnie Aguilar
Alvin Anson,Empress Schuck
Dido Dela Paz,Elora Espano
Christian Bables,Enchong Dee
Mark Anthony Fernandez,RK Bagatsing
Dimples Romana,John Lloyd Cruz
Bembol Roco,Chai Fonacier
Luz Valdez,Soxy Topacio
Jon Lucas,Yayo Aguila
Cai Cortez,Jeremiah Lisbo
Anne Curtis,Victor Neri
Carlo Aquino,Shaina Magdayao
Liza Lorena,Tommy Esguerra
Carlo Aquino,TJ Trinidad
Jeffrey Quizon,Tirso Cruz III
Kathryn Bernardo,Tommy Esguerra
Alwyn Uytingco,Christian Bables
Kathryn Bernardo,Liza Lorena
Vice Ganda,Xyriel Manabat
Lui Manansala,Mark Anthony Fernandez
Kathryn Bernardo,Susan Africa
Bing Pimentel,John Arcilla
Elijah Canlas,Janine Gutierrez
Daniel Padilla,Paulo Avelino
Daniel Padilla,Ruffa Gutierrez
Alexa Ilacad,Vilma Santos
Marlann Flores,Tirso Cruz III
Gio Alvarez,Rowell Santiago
Benjamin Alves,Carlo Aquino
Denise Laurel,Dingdong Dantes
Kim Chiu,Tirso Cruz III
Art Acuña,Joem Bascon
Coco Martin,James Reid
Pilita Corrales,Tirso Cruz III
Benjamin Alves,Jeffrey Quizon
Dennis Padilla,Teddy Corpuz
Deejay Durano,Kris Aquino
Arlene Muhlach,Dennis Padilla
Allan Paule,Bibeth Orteza
Arno Morales,Daphne Oseña-Paez
Kiray Celis,Matet De Leon
Matthew Rutherford,Sharon Cuneta
Jameson Blake,Joao Constancia
Alonzo Muhlach,Marco Masa
Archie Alemania,Bing Pimentel
Aga Muhlach,Dingdong Dantes
Jhong Hilario,Matthew Rutherford
Khalil Ramos,Vilma Santos
Cherry Pie Picache,Joross Gamboa
Jan Silverio,Kelvin Miranda
Badjie Mortiz,Sarah Geronimo
Clarence Delgado,Toni Gonzaga
Carmina Villaroel,Odette Khan
Almira Muhlach,Cris Villonco
Alex Diaz,Sunshine Cruz
Ai-Ai de las Alas,Gloria Diaz
Ruby Ruiz,Vince Rillon
Noorin Gulamgaus,Saara Chaudry
Pinky Amador,Shaina Magdayao
Joey Marquez,Sarah Geronimo
Claudine Barretto,Ronaldo Valdez
Kiko Matos,Lou Veloso
Maria Isabel Lopez,Ricky Davao
Art Acuña,Lorenz Martinez
Alwyn Uytingco,Darren Espanto
Anthony Jennings,Huybs Azarcon
Christian Vazquez,Julia Barretto
Jameson Blake,Maricel Laxa
Kris Aquino,Xyriel Manabat
Arci Muñoz,John Lloyd Cruz
Sharon Cuneta,Tommy Esguerra
Hilda Koronel,John Lloyd Cruz
Isabelle Daza,Rowell Santiago
Ronwaldo Martin,Sue Prado
Tirso Cruz III,Xian Lim
Enrique Gil,Neils Coleta
Khalil Ramos,Nonie Buencamino
Matet De Leon,Rowell Santiago
Bobby Andrews,John Arcilla
Dingdong Dantes,Maricar Reyes
Meryll Soriano,Royce Cabrera
John Lloyd Cruz,Leo Rialp
Carlo Aquino,Eugene Domingo
Chienna Filomeno,Enrique Gil
Jhong Hilario,Wendell Ramos
Nonie Buencamino,Nor Domingo
Cristine Reyes,Ejay Falcon
Elora Espano,Sue Prado
Chienna Filomeno,Liza Soberano
Eugene Domingo,Shaina Magdayao
Alex Diaz,Sue Ramirez
Mart Escudero,Paulo Avelino
Aleck Bovick,Sue Ramirez
Joshua Garcia,Maria Isabel Lopez
Empoy Marquez,Martin del Rosario
Gerald Anderson,Julia Barretto
Darren Criss,Lou Diamond Phillips
Derek Ramsay,Kean Cipriano
Dingdong Dantes,Kean Cipriano
Alvin Anson,Perla Bautista
Carlo Aquino,Jiro Manio
Nonie Buencamino,Xian Lim
Chai Fonacier,Markus Paterson
Aga Muhlach,Cristine Reyes
Pamu Pamorada,Richard Gomez
Maureen Mann,Sandy Andolong
Irma Adlawan,Johnny Revilla
Bea Alonzo,John Lloyd Cruz
James Reid,Marco Masa
Alexa Ilacad,Carmina Villaroel
Sue Ramirez,Yayo Aguila
Arci Muñoz,Cacai Bautista
Erlinda Villalobos,Raymond Lee
Hilda Koronel,Ronaldo Valdez
John Lloyd Cruz,Rayver Cruz
Aga Muhlach,Angelica Panganiban
Alvin Anson,Arron Villaflor
Jon Jon Briones,Nicole Scherzinger
Mickey Ferriols,Sharon Cuneta
Carmina Villaroel,Maricar Reyes
Daniel Padilla,Vice Ganda
Anne Curtis,Ricky Pascua
Chienna Filomeno,Myrtle Sarrosa
Angelica C. Ferro,Rolando T. Inocencio
Ai-Ai de las Alas,Tirso Cruz III
Saara Chaudry,Soma Chhaya
Juan Miguel Severo,Kathryn Bernardo
Enchong Dee,Pinky Amador
Alora Sasam,Kathryn Bernardo
Jhong Hilario,Liza Lorena
Aiko Melendez,Ricky Davao
Jeremiah Lisbo,Minnie Aguilar
Al Tantay,Bing Pimental
Angel Locsin,Jeremiah Lisbo
Bea Alonzo,Ronaldo Valdez
Robert Villar,Xian Lim
Almira Muhlach,Kate Alejandrino
Beverly Salviejo,Raymond Lauchengco
Jiro Manio,Yuki Kadooka
Claire Jeater,John Estrada
Dominic Ochoa,Gigi De Lana
Al Tantay,Katrina Michelle Legaspi
Andre Garcia,John Lloyd Cruz
John Manalo,Saul Reichlin
John Estrada,Robin Padilla
Charlie Dizon,Minnie Aguilar
Maris Racal,Piolo Pascual
Freddie Webb,KC Montero
Lotlot De Leon,Matteo Guidicelli
Angel Locsin,Coney Reyes
Maja Salvador,Wendell Ramos
Kathryn Bernardo,Shaina Magdayao
Bea Alonzo,Giselle Toengi
Ina Raymundo,Manuel Chua
Angel Locsin,Robert Villar
Joross Gamboa,Toni Gonzaga
Alwyn Uytingco,Jean Garcia
Alwyn Uytingco,Ria Atayde
Jeffrey Quizon,Kathryn Bernardo
Lao Rodriguez,Levi Ignacio
Alex Medina,Cesar Montano
Liza Soberano,Yves Flores
Eugene Domingo,Jiro Manio
Dawn Zulueta,Khalil Ramos
Andrea Del Rosario,Marco Gumabao
Jomari Angeles,Robert Villar
Carmina Villaroel,Jelson Bay
Jerry O'Hara,Simon Ibarra
Angellie Saño,Markus Paterson
Beverly Salviejo,Joey Paras
Manuel Chua,Shamaine Centenera
Richard Gomez,Tetchie Agbayani
Jameson Blake,Sue Ramirez
Ricky Pascua,Victor Neri
Enchong Dee,Joao Constancia
Cesar Montano,Jake Macapagal
Matet De Leon,Rayver Cruz
Dennis Padilla,Riva Quenery
Lei Andre Navarro,Mart Escudero
Art Acuña,Mylene Dizon
Awra Briguela,Vice Ganda
MC Calaquian,Nadine Lustre
John Arcilla,Paolo Ballesteros
Alex Medina,Leo Martinez
Liza Lorena,Marissa Delgado
Ara Mina,Liza Soberano
Arlene Muhlach,Gardo Versoza
Daphne Oseña-Paez,John Lloyd Cruz
Kathryn Bernardo,Xyriel Manabat
MC Calaquian,Matet De Leon
Dexter Doria,Lui Manansala
Laara Sadiq,Soma Chhaya
MC Calaquian,Ryan Bang
Alden Richards,Jameson Blake
Agot Isidro,Gina Pareño
Alvin Anson,Paulo Avelino
Kaka Bautista,Maymay Entrata
Lui Manansala,RK Bagatsing
Lander Vera Perez,Marco Gumabao
Roxanne Barcelo,Via Antonio
Iza Calzado,Toni Gonzaga
Clarence Delgado,Pinky Amador
John Lloyd Cruz,Shamaine Centenera
Al Tantay,Janus del Prado
Beverly Salviejo,Tim Donadt
Ina Raymundo,Jeric Raval
Mon Confiado,Ronnie Lazaro
Inigo Pascual,Lorna Tolentino
Al Tantay,James Blanco
Angelica Panganiban,Denise Laurel
Bernard Palanca,Ronaldo Valdez
Rolando T. Inocencio,Suzette Ranillo
Adrian Alandy,Xia Vigor
Bembol Roco,Elisse Joson
Angelica Panganiban,Dimples Romana
Dido Dela Paz,Mary Joy Apostol
Enrique Gil,Myrtle Sarrosa
Chai Fonacier,McCoy De Leon
Janella Salvador,Simon Ibarra
Michael De Mesa,Robert Villar
Ahron Villena,Al Tantay
Jeffrey Tam,Kaka Bautista
Arlene Muchlach,Liza Soberano
Erin Ocampo,Miguel Vergara
Carmina Villaroel,Kakai Bautista
Jean Garcia,Juan Miguel Severo
Enzo Marcos,Nico Antonio
Alwyn Uytingco,Cherry Pie Picache
CJ Navato,Matet De Leon
Al Tantay,Rowell Santiago
Al Tantay,Andre Garcia
CJ Navato,Kathryn Bernardo
Cris Villanueva,Kim Chiu
Cherry Pie Picache,Lotlot De Leon
Jerry O'Hara,Martin del Rosario
Daniel Padilla,Jeffrey Quizon
Marissa Delgado,Pilar Pilapil
Elijah Canlas,Jaclyn Jose
Edgar Allan Guzman,Julia Barretto
Darren Criss,Nicole Scherzinger
Alex Medina,Miel Espinoza
Joey Marquez,Liza Soberano
Lei Andre Navarro,Pamu Pamorada
Sarah Geronimo,Tetchie Agbayani
Kathryn Bernardo,Ricky Davao
Angelica Panganiban,Gina Pareño
Kathryn Bernardo,Riva Quenery
Kyra Custodio,Liza Soberano
Belle Mariano,Minnie Aguilar
Jean Garcia,Susan Africa
Cris Villanueva,Miel Espinoza
Archie Alemania,Leo Martinez
Adrian Alandy,Richard Manabat
Erin Ocampo,Yves Flores
Enrique Gil,Gerald Anderson
Beverly Salviejo,Giselle Toengi
McCoy De Leon,Milo Elmido Jr.
Edgar Allan Guzman,Jelson Bay
Cai Cortez,Enchong Dee
Alwyn Uytingco,Yuki Kadooka
Bibeth Orteza,Soxy Topacio
Cherry Pie Picache,Matteo Guidicelli
Liza Lorena,Richard Gomez
Ana Capri,Kathryn Bernardo
Angelu De Leon,Joey Marquez
Kathryn Bernardo,Richard Gomez
Gardo Versoza,Ruffa Gutierrez
Lassy Marquez,Marco Masa
Noel Trinidad,Toni Gonzaga
Enrique Gil,Ryan Bang
Marissa Delgado,Sharon Cuneta
Ana Capri,Ricky Davao
Clarence Delgado,Joao Constancia
Adrian Alandy,Jasmine Curtis-Smith
Anthony Jennings,Riva Quenery
Alden Richards,Lito Pimentel
Ai-Ai de las Alas,Kathryn Bernardo
Arnold Reyes,Suzette Ranillo
Beatriz Saw,Billy Crawford
Martin del Rosario,Matt Evans
Martin del Rosario,Miel Espinoza
Mary Joy Apostol,Suzette Ranillo
Alexa Ilacad,Minnie Aguilar
Serena Dalrymple,Yuki Kadooka
Awra Briguela,Coco Martin
Angel Locsin,Miguel Vergara
Alvin Anson,Archie Alemania
Maine Mendoza,Vangie Labalan
Janus del Prado,John Lloyd Cruz
Coco Martin,Nadine Lustre
Alex Diaz,Enrique Gil
Eddie Garcia,Elora Espano
Freddie Webb,Pepe Herrera
Mylene Dizon,Ronnie Lazaro
Aleck Bovick,Nino Muhlach
Arron Villaflor,Bing Pimentel
Alexa Ilacad,Jeremiah Lisbo
Bobby Andrews,TJ Trinidad
Ana Capri,Richard Gomez
Albie Casiño,Beverly Salviejo
Coco Martin,Matet De Leon
Ron Morales,Tirso Cruz III
Aga Muhlach,Ronaldo Valdez
Coco Martin,Ryan Bang
Anne Curtis,Cristine Reyes
Armida Siguion-Reyna,Gardo Versoza
Irma Adlawan,Justin Cuyugan
Alex Medina,Mylene Dizon
Cherry Pie Picache,Gloria Diaz
Boots Anson-Roa,Kris Aquino
Chai Fonacier,Paulo Angeles
Pamu Pamorada,Paulo Avelino
Angelica Panganiban,Gerald Madrid
Alonzo Muhlach,Lassy Marquez
Joross Gamboa,Rayver Cruz
Gigi De Lana,Minnie Aguilar
Eddie Garcia,Gabby Padilla
Maricel Soriano,Ruffa Gutierrez
Gillian Vicencio,Toni Gonzaga
Julia Barretto,Manuel Chua
Clarence Delgado,Miles Ocampo
Ai-Ai de las Alas,Cherry Pie Picache
Enrique Gil,Yayo Aguila
Pilar Pilapil,Robin Padilla
Juan Miguel Severo,Odette Khan
Jess Mendoza,Sky Teotico
Andrea Del Rosario,Katya Santos
Albie Casiño,Sandy Andolong
Louise De Los Reyes,Yassi Pressman
Joshua Garcia,Marissa Delgado
Alexa Ilacad,Robert Villar
Kathryn Bernardo,Marco Gumabao
Aga Muhlach,Giselle Toengi
Dennis Padilla,Zanjoe Marudo
Gloria Diaz,Tirso Cruz III
Noorin Gulamgaus,Shaista Latif
Aga Muhlach,Bobby Andrews
Myrtle Sarrosa,Yayo Aguila
John Estrada,John Manalo
Benjamin Alves,Gwen Zamora
Freddie Webb,Joross Gamboa
Art Acuña,Ketchup Eusebio
Al Tantay,Rayver Cruz
Alonzo Muhlach,Vice Ganda
Dante Basco,Lou Diamond Phillips
Derek Ramsay,Enzo Marcos
Arjo Atayde,Victor Neri
Kean Cipriano,Yayo Aguila
Lotlot De Leon,Nikki Valdez
Awra Briguela,Pepe Herrera
Arci Muñoz,Matt Evans
Cris Villanueva,Vangie Labalan
Khalil Ramos,Robert Villar
John Manalo,Makisig Morales
Matt Evans,Victor Silayan
Sue Ramirez,Varoon Kessop
JM de Guzman,Kate Alejandrino
Elora Espano,Ku Aquino
Marco Gumabao,Sunshine Cruz
Felix Roco,Ruby Ruiz
Jerry O'Hara,Tony Labrusca
Martin del Rosario,Zeppi Borromeo
Julia Barretto,Pilar Pilapil
John Lloyd Cruz,Ketchup Eusebio
Derek Ramsay,Marlann Flores
John Lloyd Cruz,Sarah Geronimo
Brandon Vera,Victor Neri
Rolando T. Inocencio,Ronnie Quizon
Eddie Garcia,Elijah Canlas
Julia Barretto,Yayo Aguila
Cris Villanueva,Daniel Padilla
Arci Muñoz,Dimples Romana
Joshua Garcia,Kathryn Bernardo
Archie Alemania,Mylene Dizon
Beatriz Saw,Janus del Prado
Charo Santos,Maxene Magalona
Alex Medina,Jomari Angeles
Boots Anson-Roa,Maja Salvador
Badjie Mortiz,Cris Villonco
Isabel Sandoval,Lev Gorn
James Reid,Lassy Marquez
Joshua Garcia,Ricky Davao
Andre Garcia,Joross Gamboa
Cai Cortez,Shaina Magdayao
Adam Chan,Toni Gonzaga
Armida Siguion-Reyna,Eddie Garcia
Joao Constancia,Toni Gonzaga
Armand Reyes,Soliman Cruz
Irma Adlawan,Shaina Magdayao
Carmina Villaroel,Jeremiah Lisbo
Beverly Salviejo,Rez Cortez
Angelica Panganiban,Maricel Soriano
Andrea Del Rosario,Christopher Roxas
Carlo Aquino,Mon Confiado
Alwyn Uytingco,Odette Khan
Angel Locsin,Enchong Dee
Khalil Ramos,Shamaine Centenera
Ara Mina,Arlene Muchlach
Cris Villanueva,Lotlot De Leon
John Lloyd Cruz,Nico Antonio
Kakai Bautista,Minnie Aguilar
Julia Barretto,Sharon Cuneta
Shaista Latif,Soma Bhatia
Gio Alvarez,Sarah Geronimo
Jameson Blake,Lovely Abella
Liza Soberano,Marissa Delgado
Joshua Garcia,Ronnie Alonte
Bea Alonzo,Dimples Romana
Dante Rivero,Rowell Santiago
Carlo Aquino,Geleen Eugenio
Bing Pimental,Miles Ocampo
Allan Paule,Soxy Topacio
Assunta de Rossi,Joem Bascon
John Estrada,Liza Soberano
Johnny Revilla,Rowell Santiago
Maricel Soriano,Vice Ganda
Cheska Iñigo,Varoon Kessop
James Reid,Vice Ganda
Ku Aquino,Mary Joy Apostol
Alora Sasam,Herbert Bautista
Cristine Reyes,Joey Marquez
Donita Rose,Ketchup Eusebio
Jett Pangan,Maris Racal
Carmina Villarroel,Zanjoe Marudo
Jameson Blake,Lito Pimentel
Allan Paule,Beverly Salviejo
Daniel Padilla,Miles Ocampo
Gloria Diaz,Shaina Magdayao
Angel Locsin,Irma Adlawan
Alvin Anson,Carlo Aquino
Daniel Padilla,Kris Aquino
Mickey Ferriols,Saul Reichlin
Cacai Bautista,Ricci Chan
Beverly Salviejo,Bibeth Orteza
Charlie Dizon,Gigi De Lana
Cris Villanueva,Maine Mendoza
Alvin Anson,Jeffrey Quizon
John Arcilla,Martin del Rosario
Charo Santos,Jake Cuenca
Claudine Barretto,Maja Salvador
Arnold Reyes,Ronnie Quizon
Joross Gamboa,Maricel Laxa
Boots Anson-Roa,Wendell Ramos
Alex Diaz,Yayo Aguila
Enchong Dee,Gigi De Lana
Alonzo Muhlach,Coco Martin
Kris Aquino,Vice Ganda
Jhong Hilario,Sharon Cuneta
Empress Schuck,Mon Confiado
Jeric Raval,Manuel Chua
Richard Gutierrez,Vice Ganda
Isabel Sandoval,PJ Boudousqué
Elora Espano,Suzette Ranillo
Kris Aquino,Ronaldo Valdez
Isabelle Daza,Sarah Geronimo
Bea Alonzo,Tetchie Agbayani
Liza Soberano,Ricky Davao
Alwyn Uytingco,John Lloyd Cruz
Bie Ruaro,Sky Teotico
Marco Masa,Vice Ganda
Enchong Dee,Sam Milby
Matet De Leon,Sarah Geronimo
Arjo Atayde,Ricky Pascua
Joshua Garcia,Sharon Cuneta
Al Tantay,Shamaine Centenera
Kokoy DeSantos,Robert Villar
Gio Alvarez,Irma Adlawan
Cherry Pie Picache,Shaina Magdayao
Kean Cipriano,Via Antonio
JM de Guzman,John Lloyd Cruz
Dexter Doria,Dolly De Leon
Gabby Padilla,Markus Paterson
Cristine Reyes,John Arcilla
Daniel Padilla,Khalil Ramos
Brandon Vera,Ricky Pascua
Cai Cortez,Gillian Vicencio
Jeffrey Quizon,Mon Confiado
Anna Luna,Piolo Pascual
Jeffrey Quizon,Nonie Buencamino
Jameson Blake,Kathryn Bernardo
Ahron Villena,Cacai Bautista
Janine Gutierrez,Ruby Ruiz
Andre Garcia,Miles Ocampo
Kathryn Bernardo,Paulo Avelino
Claudine Barretto,Wendell Ramos
Gillian Vicencio,Pinky Amador
Arlene Muhlach,Daniel Padilla
Eamon Farren,Leif Steinert
Anna Luna,Rio Locsin
Darren Espanto,Kit Thompson
Cacai Bautista,Matt Evans
Nor Domingo,Xian Lim
Alma Moreno,Sam Milby
Dante Basco,Nicole Scherzinger
Janus del Prado,Michelle Vito
Juan Miguel Severo,Kit Thompson
Andrea Leigh,Ivory Aquino
Pinky Amador,Toni Gonzaga
Jett Pangan,Rio Locsin
Ara Mina,Jeffrey Tam
Deejay Durano,Yuki Kadooka
Gloria Diaz,Jiro Manio
Angel Locsin,Shaina Magdayao
Awra Briguela,Onyok Pineda
Alex Calleja,Brandon Vera
Dingdong Dantes,Miguel Vergara
Hannah Ledesma,Raffa Esplana
Bobby Andrews,Cristine Reyes
Hannah Ledesma,Sue Ramirez
Arron Villaflor,Leo Martinez
Akihiro Blanco,Chai Fonacier
Dante Rivero,Rayver Cruz
Julia Barretto,Odette Khan
Joem Bascon,Paulo Avelino
Archie Alemania,Ketchup Eusebio
Carlo Aquino,Victor Silayan
Dawn Zulueta,Kathryn Bernardo
Gerald Madrid,John Arcilla
Clarence Delgado,Gigi De Lana
Bernard Palanca,Kris Aquino
Janus del Prado,Joross Gamboa
Belle Mariano,Enchong Dee
Joross Gamboa,Paolo Ballesteros
Joey Marquez,Ruffa Gutierrez
Kelvin Miranda,Markus Paterson
Erin Ocampo,Ricky Davao
Almira Muhlach,Miel Espinoza
Liza Soberano,Marco Gumabao
Angie Ferro,Meryll Soriano
Jasmine Curtis-Smith,Richard Manabat
Allan Paule,Jess Mendoza
Matet De Leon,Sam Milby
Angellie Saño,Jameson Blake
Arno Morales,Bing Pimental
Cherry Pie Picache,Matet De Leon
Alex Calleja,Joross Gamboa
Cherry Pie Picache,Kathryn Bernardo
Chienna Filomeno,Tonton Gutierrez
Chin Chin Gutierrez,John Arcilla
Mercedes Cabral,Tony Labrusca
Alex Calleja,Levi Ignacio
Ketchup Eusebio,Mon Confiado
Joao Constancia,Pinky Amador
Ketchup Eusebio,Nonie Buencamino
Leo Rialp,Tetchie Agbayani
Cherry Pie Picache,Jiro Manio
Gillian Vicencio,Joao Constancia
Laara Sadiq,Noorin Gulamgaus
Assunta de Rossi,Kiray Celis
Derek Ramsay,Ron Morales
Freddie Webb,Ronnie Lazaro
Dennis Padilla,Gardo Versoza
Alexa Ilacad,Enchong Dee
Khalil Ramos,Vance Larena
Katya Santos,Lander Vera Perez
Enrique Gil,Kean Cipriano
Dawn Zulueta,Tom Rodriguez
Dexter Doria,Mark Anthony Fernandez
Al Tantay,Bea Alonzo
Onyok Pineda,Vice Ganda
Eddie Garcia,Sue Prado
Alex Medina,Art Acuña
Jerald Napoles,Pepe Herrera
Martin del Rosario,Tirso Cruz III
Bing Pimentel,Paulo Avelino
Hannah Ladesma,Yayo Aguila
Badjie Mortiz,Lassy Marquez
Cedrick Juan,Jaclyn Jose
Allan Paule,Ronnie Alonte
Joross Gamboa,Sarah Geronimo
Chienna Filomeno,Jon Lucas
Cherry Pie Picache,Edgar Allan Guzman
Dingdong Dantes,Ketchup Eusebio
Allen Dizon,Felix Roco
Jeric Raval,Joshua Garcia
Kathryn Bernardo,Maymay Entrata
Lassy Marquez,Vice Ganda
Baron Geisler,Bobby Andrews
Julia Barretto,Maricar Reyes
Dennis Padilla,Lloyd Zaragoza
Ali Badshah,Noorin Gulamgaus
Luz Valdez,Rez Cortez
Bernard Palanca,Maja Salvador
Marco Gumabao,Pamu Pamorada
Kim Chiu,Lloyd Zaragoza
Sunshine Cruz,Yves Flores
Maris Racal,Ronnie Alonte
Bea Alonzo,Jake Cuenca
Nonie Buencamino,Vilma Santos
Carlo Aquino,Dionne Monsanto
Manuel Chua,Ronnie Alonte
Alex Medina,Simon Ibarra
Angel Locsin,Gillian Vicencio
Alessandra de Rossi,Cesar Montano
Daniel Padilla,Deejay Durano
Liza Lorena,Tobie Dela Cruz
Elijah Canlas,Gabby Padilla
Gabby Padilla,Khalil Ramos
Al Tantay,Sarah Geronimo
Cris Villanueva,Simon Ibarra
Richard Gomez,Tom Rodriguez
Arnold Reyes,John Arcilla
CJ Navato,Janus del Prado
Lorenz Martinez,Paulo Avelino
Gloria Sevilla,Noel Trinidad
Angelica C. Ferro,Dido Dela Paz
Beatriz Saw,Shamaine Centenera
Joem Bascon,Vice Ganda
Devon Seron,Khalil Ramos
Erin Ocampo,Marco Gumabao
Joey Marquez,Vice Ganda
Ana Abad-Santos,Ronnie Alonte
Elijah Canlas,Sky Teotico
Herbert Bautista,Ruffa Gutierrez
Al Tantay,Arci Muñoz
Jeffrey Quizon,Joem Bascon
Lloyd Zaragoza,Martin del Rosario
Archie Alemania,Art Acuña
Bobby Andrews,Ruffa Gutierrez
Cedrick Juan,Eddie Garcia
Janus del Prado,Miles Ocampo
Arron Villaflor,Mylene Dizon
Robert Villar,Vilma Santos
Marco Gumabao,Myrtle Sarrosa
Albie Casiño,Raymond Lauchengco
Arno Morales,Rowell Santiago
Martin del Rosario,Simon Ibarra
Arci Muñoz,Tirso Cruz III
Bea Alonzo,Gigi De Lana
Joshua Garcia,Maricar Reyes
Dingdong Dantes,Irma Adlawan
Belle Mariano,Shaina Magdayao
Derek Ramsay,Tirso Cruz III
Carmina Villaroel,Enchong Dee
JC de Vera,Joey Marquez
Bernard Palanca,Wendell Ramos
Anthony Jennings,Gardo Versoza
JM de Guzman,Pepe Herrera
Dingdong Dantes,Justin Cuyugan
Jon Lucas,Miguel Vergara
Bibeth Orteza,Joey Paras
Bea Alonzo,Sam Milby
Bea Alonzo,Charlie Dizon
Richard Gomez,Sharon Cuneta
Leif Steinert,Lynn Cohen
Hannah Ledesma,Yuan Francisco
Alex Calleja,Lao Rodriguez
Gabby Padilla,Maxene Magalona
Jeffrey Quizon,Lorenz Martinez
Mary Joy Apostol,Maxene Magalona
Lorenz Martinez,Mon Confiado
Al Tantay,Irma Adlawan
Lorenz Martinez,Nonie Buencamino
Aga Muhlach,Gerald Madrid
Carmi Martin,Christian Bables
Carmina Villaroel,Irma Adlawan
Karla Estrada,Lassy Marquez
Alexa Ilacad,Shaina Magdayao
Kelvin Miranda,Khalil Ramos
Jett Pangan,Sarah Geronimo
Angie Ferro,Yves Flores
Alonzo Muhlach,Badjie Mortiz
Jon Lucas,Yves Flores
Alex Gonzaga,Tom Rodriguez
Sarah Geronimo,Yayo Aguila
Enchong Dee,Yayo Aguila
Miguel Vergara,Tonton Gutierrez
Christian Bables,Leo Rialp
Bea Alonzo,Hilda Koronel
Hannah Ladesma,Via Antonio
Joshua Garcia,Julia Barretto
Al Tantay,Beatriz Saw
Dennis Padilla,Maris Racal
Archi Adamos,Sky Teotico
Markus Paterson,Miel Espinoza
Daniel Padilla,Darren Espanto
Claire Jeater,Saul Reichlin
JM de Guzman,Joross Gamboa
Alessandra de Rossi,Robert Villar
Cherry Pie Picache,Zanjoe Marudo
Badjie Mortiz,Coco Martin
Benjamin Alves,Perla Bautista
Gigi De Lana,Shaina Magdayao
Jelson Bay,Yuan Francisco
Gillian Vicencio,Maxene Magalona
Dante Rivero,John Arcilla
Bea Alonzo,Beverly Salviejo
Kyra Custodio,Tonton Gutierrez
Freddie Webb,Gloria Sevilla
Dingdong Dantes,Lei Andre Navarro
Cris Villanueva,Ricky Davao
Kiray Celis,MC Calaquian
Angelica C. Ferro,Ronnie Quizon
Gabby Padilla,Jake Cuenca
Ariel Rivera,Enrique Gil
Alvin Anson,Ronnie Lazaro
Bela Padilla,Dingdong Dantes
Anne Curtis,Joross Gamboa
Devon Seron,Nor Domingo
Bobby Andrews,Vice Ganda
Allan Paule,Janine Gutierrez
Joey Paras,Luz Valdez
Clarence Delgado,Matet De Leon
Maria Isabel Lopez,Soliman Cruz
Deejay Durano,Vice Ganda
Clarence Delgado,Kathryn Bernardo
Daniel Padilla,Pamu Pamorada
Alma Moreno,Cherry Pie Picache
Louise De Los Reyes,Shy Carlos
Neils Coleta,Ryan Bang
Empoy Marquez,Matt Evans
Cai Cortez,Jeffrey Tam
Dennis Padilla,Jett Pangan
Maja Salvador,Ronaldo Valdez
Anne Curtis,Arjo Atayde
Gerald Anderson,Liza Soberano
Ketchup Eusebio,Lorenz Martinez
Tirso Cruz III,Victor Silayan
Carlo Aquino,Vangie Labalan
Anna Luna,Teddy Corpuz
Alvin Anson,Gwen Zamora
Kim Chiu,Miel Espinoza
Liza Soberano,Nonie Buencamino
Aga Muhlach,Maricel Soriano
Miel Espinoza,Tony Labrusca
Carlos Agassi,Nico Antonio
Ana Capri,Cris Villanueva
Ahron Villena,Dimples Romana
JM de Guzman,Miel Espinoza
Carmi Martin,Kat Alano
Igi Boy Flores,Kathryn Bernardo
Enzo Marcos,Kean Cipriano
Allan Paule,Bie Ruaro
Janus del Prado,Matteo Guidicelli
Bea Alonzo,Enrique Gil
Daniel Padilla,Lito Pimentel
John Arcilla,Ku Aquino
Pilar Pilapil,Sharon Cuneta
Dexter Doria,RK Bagatsing
Jett Pangan,Teddy Corpuz
Jhong Hilario,Saul Reichlin
Angelu De Leon,Cristine Reyes
Carmina Villaroel,Shaina Magdayao
Coco Martin,Joem Bascon
Anthony Jennings,Arlene Muhlach
Joross Gamboa,Liza Soberano
Beatriz Saw,Ketchup Eusebio
Alexa Ilacad,Gillian Vicencio
Maricel Laxa,Maymay Entrata
Chin Chin Gutierrez,TJ Trinidad
Alonzo Muhlach,James Reid
Aiko Melendez,Joey Marquez
Anne Curtis,Marlann Flores
Agot Isidro,Zanjoe Marudo
Nikki Valdez,Vangie Labalan
Marco Gumabao,Sofia Andres
Dido Dela Paz,Ronnie Quizon
Cacai Bautista,Tirso Cruz III
Joross Gamboa,Lito Pimentel
Bibeth Orteza,Gardo Versoza
Dante Rivero,Sarah Geronimo
Kakai Bautista,Shaina Magdayao
Ariel Rivera,Gerald Anderson
Arron Villaflor,Ketchup Eusebio
Bing Pimentel,Jeffrey Quizon
Johnny Revilla,Sarah Geronimo
Arci Muñoz,Gerald Anderson
Katya Santos,Yassi Pressman
Mart Escudero,Pamu Pamorada
Alora Sasam,Daniel Padilla
Alwyn Uytingco,Tetchie Agbayani
Cristine Reyes,Germaine De Leon
Daniel Padilla,Jean Garcia
Beverly Salviejo,Soxy Topacio
Alessandra de Rossi,Jomari Angeles
Empoy Marquez,Zeppi Borromeo
Ejay Falcon,Joey Marquez
Cris Villonco,Kim Chiu
James Blanco,Khalil Ramos
Daniel Padilla,Ria Atayde
Justin Cuyugan,Maricar Reyes
Noorin Gulamgaus,Soma Chhaya
Khalil Ramos,Richard Gomez
Al Tantay,Bernard Palanca
Arlene Muchlach,Joross Gamboa
Angelica Panganiban,Zanjoe Marudo
Cheska Iñigo,Raffa Esplana
Cherry Pie Picache,Maricar Reyes
Kris Aquino,Maja Salvador
Kate Alejandrino,Kim Chiu
Elisse Joson,McCoy De Leon
Cheska Iñigo,Sue Ramirez
Cai Cortez,Dominic Ochoa
Coco Martin,Noel Trinidad
Ku Aquino,Suzette Ranillo
Devon Seron,Michael De Mesa
Art Acuña,Paulo Avelino
Jojo Riguerra,Meryll Soriano
Dennis Padilla,Joey Marquez
Cris Villonco,Miel Espinoza
Cai Cortez,Toni Gonzaga
Rio Locsin,Teddy Corpuz
Cesar Montano,Khalil Ramos
Jerry O'Hara,Markus Paterson
Ahron Villena,Khalil Ramos
Gardo Versoza,Princess
Kate Alejandrino,Miel Espinoza
Beverly Salviejo,Sandy Andolong
John Arcilla,Suzette Ranillo
Dante Rivero,Irma Adlawan
Christian Bables,Joey Marquez
Ariel Rivera,Cherry Pie Picache
Alden Richards,Joross Gamboa
Freddie Webb,Kathryn Bernardo
Jan Silverio,Sue Ramirez
Coco Martin,Freddie Webb
Janella Salvador,Kim Chiu
Cai Cortez,Kakai Bautista
Giselle Toengi,Raymond Lauchengco
Carmina Villaroel,Gillian Vicencio
Sam Concepcion,Yassi Pressman
Markus Paterson,Sue Ramirez
Dingdong Dantes,Richard Gutierrez
Chai Fonacier,Elisse Joson
Bibeth Orteza,Rez Cortez
Cherry Pie Picache,Katrina Michelle Legaspi
Irma Adlawan,Kakai Bautista
Bibeth Orteza,Eddie Garcia
Ian Veneracion,Kathryn Bernardo
Elijah Canlas,Sue Prado
Dante Basco,Darren Criss
Cris Villonco,Piolo Pascual
Derek Ramsay,Vince Rillon
Cherry Pie Picache,Julia Barretto
Ricky Davao,Tonton Gutierrez
Gabby Padilla,Kelvin Miranda
Gillian Vicencio,Jameson Blake
Allan Paule,Julia Barretto
Irma Adlawan,Rowell Santiago
Darren Espanto,Juan Miguel Severo
Empoy Marquez,Pilita Corrales
Ryan Bang,Vice Ganda
Khalil Ramos,Marco Gumabao
Jeffrey Quizon,John Arcilla
Kris Aquino,Wendell Ramos
Dominic Ochoa,Minnie Aguilar
Bea Alonzo,Tom Rodriguez
Angelu De Leon,Ruffa Gutierrez
Huybs Azarcon,Riva Quenery
Chienna Filomeno,Sue Ramirez
Cris Villonco,Rio Locsin
Andre Garcia,Matet De Leon
Ruffa Gutierrez,Vice Ganda
Cherry Pie Picache,Jelson Bay
Aga Muhlach,Beverly Salviejo
Joshua Garcia,Maris Racal
Geleen Eugenio,Vangie Labalan
Kathryn Bernardo,Kris Aquino
John Estrada,Mickey Ferriols
Almira Muhlach,Simon Ibarra
Arron Villaflor,Art Acuña
Angel Locsin,Nonie Buencamino
Christian Bables,John Arcilla
Awra Briguela,Matet De Leon
Angelica C. Ferro,John Arcilla
John Estrada,Rica Peralejo
Badjie Mortiz,Piolo Pascual
Jojo Riguerra,Soliman Cruz
CJ Navato,Daniel Padilla
Albie Casiño,Maureen Mann
Enchong Dee,John Lloyd Cruz
Juan Miguel Severo,Susan Africa
Claire Jeater,Makisig Morales
Eddie Garcia,Luz Valdez
Marco Gumabao,Yassi Pressman
Lito Pimentel,Lotlot De Leon
Jennylyn Mercado,Nico Antonio
Nonie Buencamino,Robert Villar
Jeffrey Tam,Maricel Laxa
Ana Abad-Santos,Julia Barretto
Beauty Gonzalez,Matet De Leon
Michael De Mesa,Vilma Santos
Baron Geisler,Gerald Madrid
Ana Capri,Joey Marquez
Carlo Aquino,Deejay Durano
Bernard Palanca,Matet De Leon
Cedrick Juan,Elora Espano
Al Tantay,Ina Feleo
Levi Ignacio,Nonie Buencamino
Giselle Toengi,Tim Donadt
Andrea Leigh,Leif Steinert
Cherry Pie Picache,Janus del Prado
Christian Bables,Paolo Ballesteros
Angelica Panganiban,Maricar Reyes
Allan Paule,Gardo Versoza
Aga Muhlach,Enrique Gil
Alora Sasam,Huybs Azarcon
Freddie Webb,Sharon Cuneta
Jeffrey Tam,Joey Marquez
Cacai Bautista,Gerald Anderson
Joem Bascon,Onyok Pineda
Bea Alonzo,Charo Santos
Kathryn Bernardo,Khalil Ramos
Dolly De Leon,Mark Anthony Fernandez
Anthony Jennings,Daniel Padilla
Gio Alvarez,John Lloyd Cruz
Ana Capri,Daniel Padilla
Cedrick Juan,Gabby Padilla
Coney Reyes,Toni Gonzaga
Richard Gomez,Tobie Dela Cruz
Angelica C. Ferro,Elora Espano
Bie Ruaro,Felix Roco
Alexa Ilacad,Devon Seron
Alex Diaz,Erin Ocampo
Angel Locsin,Dominic Ochoa
Jeffrey Quizon,Ketchup Eusebio
Janus del Prado,Shaina Magdayao
Empoy Marquez,Xian Lim
Ariel Rivera,Joshua Garcia
Michael De Mesa,Nonie Buencamino
Odette Khan,Susan Africa
Bea Alonzo,Belle Mariano
Alwyn Uytingco,Gloria Diaz
Dennis Padilla,Sarah Geronimo
Angel Locsin,Toni Gonzaga
Eddie Garcia,Jaclyn Jose
Dido Dela Paz,John Arcilla
Cesar Montano,Kokoy DeSantos
John Estrada,Maritoni Fernandez
John Lloyd Cruz,Toni Gonzaga
Jasmine Curtis-Smith,Nonie Buencamino
Jon Lucas,Ricky Davao
Carmina Villarroel,Miguel Vergara
Jhong Hilario,Makisig Morales
Angelu De Leon,Vice Ganda
Allan Paule,Ina Raymundo
Daniel Padilla,Joshua Garcia
Ku Aquino,Ronnie Quizon
Anne Curtis,Ron Morales
Jojo Riguerra,Yves Flores
Ara Mina,Cai Cortez
Lao Rodriguez,Nonie Buencamino
Christian Bables,Sarah Geronimo
Enrique Gil,Miguel Vergara
Jiro Manio,Shaina Magdayao
Irma Adlawan,Rayver Cruz
Miguel Vergara,Sunshine Cruz
Jameson Blake,Joross Gamboa
Alma Moreno,Beauty Gonzalez
Coco Martin,MC Calaquian
Aleck Bovick,Lui Manansala
Alwyn Uytingco,Enchong Dee
Cedrick Juan,Elijah Canlas
Leo Rialp,Yayo Aguila
Jeremiah Lisbo,Kakai Bautista
Joshua Garcia,Shamaine Centenera
Cai Cortez,Pinky Amador
Agot Isidro,Carmina Villarroel
Nor Domingo,Vilma Santos
Alex Medina,Mon Confiado
Piolo Pascual,Rio Locsin
Alex Medina,Nonie Buencamino
Angelu De Leon,Bobby Andrews
Allan Paule,Eddie Garcia
Katrina Michelle Legaspi,Matet De Leon
Ana Capri,Bea Alonzo
Jelson Bay,Joshua Garcia
Marco Gumabao,Sam Concepcion
Glaiza De Castro,Jhong Hilario
Kyra Custodio,Sunshine Cruz
Dimples Romana,Maricar Reyes
Boots Anson-Roa,Ronaldo Valdez
Charlie Dizon,Kakai Bautista
Ariel Rivera,Odette Khan
Carmi Martin,Via Antonio
Enrique Gil,Yves Flores
Erin Ocampo,Kyra Custodio
Cheska Iñigo,Sandy Andolong
Jameson Blake,Minnie Aguilar
Liza Soberano,Nicole Scherzinger
John Arcilla,Joross Gamboa
Albie Casiño,Edward Barber
Ana Abad-Santos,Ina Raymundo
Irma Adlawan,Jeremiah Lisbo
Empoy Marquez,Tirso Cruz III
Arno Morales,Sarah Geronimo
Cristine Reyes,Ruffa Gutierrez
Matet De Leon,Vice Ganda
Alma Moreno,Angel Locsin
Miguel Vergara,Sue Ramirez
Myrtle Sarrosa,Yves Flores
Cris Villanueva,Geleen Eugenio
Daniel Padilla,Odette Khan
Janus del Prado,Matet De Leon
Janus del Prado,Kathryn Bernardo
Bobby Andrews,Joey Marquez
Elora Espano,Rolando T. Inocencio
Badjie Mortiz,James Reid
Joem Bascon,Ronnie Lazaro
Angelica Panganiban,Carmina Villarroel
Akihiro Blanco,Lou Veloso
Erlinda Villalobos,Ronwaldo Martin
Dawn Zulueta,Ian Veneracion
Art Acuña,Jeffrey Quizon
Alonzo Muhlach,Nadine Lustre
Kyra Custodio,Sue Ramirez
Gabby Concepcion,Lorna Tolentino
Angelica Panganiban,Dante Rivero
Bea Alonzo,Raymond Lauchengco
Joey Marquez,Maria Isabel Lopez
Enrique Gil,Ketchup Eusebio
Yayo Aguila,Yves Flores
Jon Lucas,Marco Gumabao
Markus Paterson,Simon Ibarra
Enrique Gil,Liza Lorena
Alonzo Muhlach,Ryan Bang
Alex Medina,Janella Salvador
Ketchup Eusebio,Nico Antonio
Archie Alemania,Mon Confiado
Jeric Raval,Shamaine Centenera
Archie Alemania,Nonie Buencamino
Dingdong Dantes,Paulo Avelino
Allan Paule,Maris Racal
Alexa Ilacad,Nonie Buencamino
Arjo Atayde,Joross Gamboa
Cai Cortez,Joao Constancia
Carmi Martin,Rosanna Roces
Jelson Bay,Odette Khan
Joross Gamboa,Rosanna Roces
Cris Villanueva,Janella Salvador
Carlos Agassi,JM de Guzman
Arjo Atayde,Levi Ignacio
Maria Isabel Lopez,Sue Prado
Marco Gumabao,Tonton Gutierrez
John Arcilla,Marlann Flores
Nino Muhlach,Sue Ramirez
Kean Cipriano,Ketchup Eusebio
Angeline Quinto,Coney Reyes
Ariel Rivera,Maricar Reyes
Billy Crawford,Janus del Prado
Arlene Muhlach,Ruffa Gutierrez
Bing Pimental,John Lloyd Cruz
Beauty Gonzalez,Zanjoe Marudo
Belle Mariano,Carmina Villaroel
Arno Morales,Irma Adlawan
Billy Crawford,James Blanco
Brandon Vera,Joross Gamboa
Ivory Aquino,Leif Steinert
Lotlot De Leon,Vangie Labalan
Bing Pimentel,Ronnie Lazaro
Belle Mariano,Dominic Ochoa
Bea Alonzo,Carmi Martin
Manuel Chua,Maris Racal
Alex Diaz,Miguel Vergara
Tom Rodriguez,Vice Ganda
Adrian Alandy,Sylvia Sanchez
Aiko Melendez,Liza Soberano
JM de Guzman,Jerald Napoles
Ina Feleo,Tom Rodriguez
Sam Milby,Toni Gonzaga
Arci Muñoz,Billy Crawford
Lovely Abella,Maymay Entrata
Jake Macapagal,Khalil Ramos
Kim Chiu,Simon Ibarra
Christopher Roxas,Katya Santos
Anna Luna,Dennis Padilla
JM de Guzman,Simon Ibarra
Kean Cipriano,Nico Antonio
Alwyn Uytingco,Shaina Magdayao
James Reid,Nadine Lustre
Ana Abad-Santos,Maris Racal
Cristine Reyes,Vice Ganda
Arlene Muchlach,Neils Coleta
Cai Cortez,Joey Marquez
Carmi Martin,John Lloyd Cruz
Cristine Reyes,Ronaldo Valdez
Alexa Ilacad,Dominic Ochoa
Belle Mariano,Kakai Bautista
Elijah Canlas,Felix Roco
Giselle Toengi,Maureen Mann
Alex Diaz,Yves Flores
Hannah Ledesma,Varoon Kessop
Bea Alonzo,Tim Donadt
Dimples Romana,Janus del Prado
Cristine Reyes,KC Montero
James Reid,Ryan Bang
Angel Locsin,Pinky Amador
Deejay Durano,Serena Dalrymple
Alexa Ilacad,Toni Gonzaga
Mon Confiado,Mylene Dizon
Jelson Bay,Maricar Reyes
Serena Dalrymple,Shaina Magdayao
Anne Curtis,Kat Alano
Enchong Dee,Leo Rialp
Dolly De Leon,RK Bagatsing
Bea Alonzo,Billy Crawford
Dawn Zulueta,Igi Boy Flores
Cristine Reyes,Donita Rose
Carlo Aquino,Empress Schuck
Simon Ibarra,Tony Labrusca
Dennis Padilla,Martin del Rosario
Lito Pimentel,Lovely Abella
Allan Paule,Ruby Ruiz
Adam Chan,JM de Guzman
Al Tantay,Gio Alvarez
Jeffrey Quizon,Xyriel Manabat
Dawn Zulueta,Tetchie Agbayani
Raymond Lauchengco,Tim Donadt
Alora Sasam,Riva Quenery
Alexa Ilacad,Kakai Bautista
Liza Soberano,Miguel Vergara
Maricar Reyes,Mart Escudero
McCoy De Leon,Paulo Angeles
Carmi Martin,Ronaldo Valdez
Dominic Ochoa,Enchong Dee
Liza Soberano,Sylvia Sanchez
Kim Chiu,Martin del Rosario
Aga Muhlach,Chin Chin Gutierrez
Ariel Rivera,Carmina Villaroel
Daniel Padilla,Gabby Concepcion
Marco Masa,Nadine Lustre
Alex Medina,Joem Bascon
Jake Cuenca,Mary Joy Apostol
Lotlot De Leon,Maine Mendoza
Chai Fonacier,Lou Veloso
CJ Navato,Shaina Magdayao
Anita Linda,Carmi Martin
Christian Bables,Martin del Rosario
Ricky Davao,Sunshine Cruz
Enrique Gil,Richard Manabat
Katrina Michelle Legaspi,Zanjoe Marudo
Alora Sasam,Anthony Jennings
Jelson Bay,Varoon Kessop
Dennis Padilla,Lito Pimentel
Marco Masa,Ryan Bang
Albie Casiño,Bea Alonzo
Carmina Villaroel,Julia Barretto
Angelica Panganiban,Dionne Monsanto
Makisig Morales,Matthew Rutherford
Awra Briguela,Lassy Marquez
Al Tantay,Isabelle Daza
Angelica C. Ferro,Mary Joy Apostol
Enchong Dee,Minnie Aguilar
Allan Paule,Shamaine Centenera
Charlie Dizon,Jeremiah Lisbo
Jerry O'Hara,Mercedes Cabral
Ahron Villena,Gerald Anderson
Maris Racal,Rio Locsin
Gio Alvarez,Joross Gamboa
Alex Medina,Cris Villanueva
Gigi De Lana,Kakai Bautista
Alessandra de Rossi,Jake Macapagal
Nonie Buencamino,Xia Vigor
Matet De Leon,Pepe Herrera
Anita Linda,John Lloyd Cruz
Enrique Gil,Jasmine Curtis-Smith
Joey Paras,Princess
Assunta de Rossi,Awra Briguela
Archi Adamos,Felix Roco
Cris Villonco,Simon Ibarra
Arci Muñoz,Janus del Prado
Alex Medina,Lorenz Martinez
Bea Alonzo,Carmina Villaroel
Janus del Prado,Zanjoe Marudo
Alwyn Uytingco,Kathryn Bernardo
Katya Santos,Shy Carlos
John Manalo,Mickey Ferriols
Angel Locsin,Joao Constancia
Leo Martinez,Nonie Buencamino
Maris Racal,Shamaine Centenera
Kathryn Bernardo,Pamu Pamorada
Bernard Palanca,John Lloyd Cruz
Cedrick Juan,Sue Prado
Claire Jeater,John Manalo
Edward Barber,Giselle Toengi
Alwyn Uytingco,Jiro Manio
Kate Alejandrino,Simon Ibarra
Bing Pimental,Dante Rivero
John Manalo,Rica Peralejo
Ricky Davao,Sue Ramirez
Matet De Leon,Michelle Vito
Deejay Durano,Gloria Diaz
Clarence Delgado,Michelle Vito
Carmina Villaroel,Dominic Ochoa
Pamu Pamorada,Sofia Andres
Arnold Reyes,Ku Aquino
Liza Lorena,Liza Soberano
Ara Mina,Enrique Gil
Kathryn Bernardo,Liza Soberano
Coco Martin,Jerald Napoles
Ai-Ai de las Alas,Shaina Magdayao
Jhong Hilario,John Estrada
Christopher Roxas,Sam Concepcion
Riva Quenery,Ruffa Gutierrez
Janella Salvador,Mercedes Cabral
Carmina Villaroel,Toni Gonzaga
Archie Alemania,Joem Bascon
Louise De Los Reyes,Marco Gumabao
Anita Linda,Ronaldo Valdez
Freddie Webb,Tobie Dela Cruz
Cherry Pie Picache,Daniel Padilla
Nonie Buencamino,Richard Manabat
Ana Abad-Santos,Shamaine Centenera
Bea Alonzo,Janus del Prado
Raffa Esplana,Yuan Francisco
Aga Muhlach,Raymond Lauchengco
Kathryn Bernardo,Lito Pimentel
Chienna Filomeno,Yayo Aguila
Jake Macapagal,Kokoy DeSantos
Alex Medina,Kim Chiu
Arlene Muchlach,Enrique Gil
Kiko Matos,Paolo Ballesteros
Gloria Sevilla,JM de Guzman
Beauty Gonzalez,Katrina Michelle Legaspi
John Arcilla,Ronnie Lazaro
Carlo Aquino,Perla Bautista
Milo Elmido Jr.,Paulo Angeles
Aga Muhlach,Albie Casiño
Minnie Aguilar,Toni Gonzaga
Arci Muñoz,Victor Silayan
Enrique Gil,Marissa Delgado
John Lloyd Cruz,Miles Ocampo
Alwyn Uytingco,Yayo Aguila
Armand Reyes,Royce Cabrera
Irma Adlawan,Sarah Geronimo
Aleck Bovick,Dolly De Leon
Manny Jacinto,Nicole Scherzinger
Sam Concepcion,Shy Carlos
Jeffrey Tam,Liza Soberano
Piolo Pascual,Teddy Corpuz
Archie Alemania,Lorenz Martinez
John Arcilla,Maricel Soriano
Enchong Dee,Tetchie Agbayani
Andrea Leigh,Eamon Farren
Ai-Ai de las Alas,Xyriel Manabat
JC de Vera,Ruffa Gutierrez
Gabby Concepcion,Inigo Pascual
Clarence Delgado,Minnie Aguilar
Tonton Gutierrez,Yves Flores
Cris Villanueva,Markus Paterson
Dominic Ochoa,Shaina Magdayao
Miguel Vergara,Myrtle Sarrosa
John Arcilla,Ron Morales
Assunta de Rossi,Lassy Marquez
Jeffrey Tam,Lito Pimentel
Deejay Durano,Tirso Cruz III
Denise Laurel,Maricar Reyes
Alden Richards,Lovely Abella
Hasmine Killip,Sue Prado
Andre Garcia,Dante Rivero
Kathryn Bernardo,Ria Atayde
Tirso Cruz III,Xyriel Manabat
Belle Mariano,Jeremiah Lisbo
Art Acuña,John Arcilla
Gio Alvarez,Miles Ocampo
Alex Medina,Robert Villar
Ai-Ai de las Alas,Eugene Domingo
Janella Salvador,Martin del Rosario
Armida Siguion-Reyna,Luz Valdez
Julia Barretto,Marissa Delgado
Empress Schuck,Perla Bautista
Kyra Custodio,Myrtle Sarrosa
Angel Locsin,Khalil Ramos
Enrique Gil,Ricky Davao
Arci Muñoz,Ricci Chan
Liza Soberano,Xia Vigor
John Lloyd Cruz,Khalil Ramos
Christian Bables,Roxanne Barcelo
Alexa Ilacad,Pinky Amador
Alora Sasam,Arlene Muchlach
Daniel Padilla,Dawn Zulueta
Aga Muhlach,Tim Donadt
Daniel Padilla,Michelle Vito
Alvin Anson,Bing Pimentel
Saul Reichlin,Sharon Cuneta
Ai-Ai de las Alas,Jiro Manio
Assunta de Rossi,Vice Ganda
Cai Cortez,Irma Adlawan
Myrtle Sarrosa,Ricky Davao
Aga Muhlach,Kean Cipriano
Marco Gumabao,Shy Carlos
Badjie Mortiz,Nadine Lustre
Maria Isabel Lopez,Ronwaldo Martin
Ina Raymundo,Joshua Garcia
Elijah Canlas,JC Santos
Nor Domingo,Robert Villar
Carlos Agassi,Toni Gonzaga
Bea Alonzo,Dawn Zulueta
Arlene Muchlach,Kathryn Bernardo
Bea Alonzo,Maureen Mann
Angeline Quinto,Enchong Dee
Arlene Muchlach,Ryan Bang
Jeffrey Quizon,Perla Bautista
Bernard Palanca,Dante Rivero
Billy Crawford,Shamaine Centenera
Badjie Mortiz,Ryan Bang
Dante Rivero,Gio Alvarez
Michelle Vito,Miles Ocampo
Arron Villaflor,Mon Confiado
Angel Locsin,Cai Cortez
Beverly Salviejo,Gardo Versoza
Agot Isidro,Miguel Vergara
Joem Bascon,Matet De Leon
Daniel Padilla,Joross Gamboa
Arron Villaflor,Nonie Buencamino
Arlene Muchlach,Riva Quenery
Isabelle Daza,Miles Ocampo
Angel Locsin,Bea Alonzo
Liza Soberano,Richard Manabat
Liza Soberano,Manny Jacinto
Matet De Leon,Miles Ocampo
Joey Marquez,Kathryn Bernardo
Khalil Ramos,Markus Paterson
Hannah Ladesma,Nico Antonio
Joey Marquez,Ryan Bang
Shaista Latif,Soma Chhaya
Art Acuña,Ronnie Lazaro
Meryll Soriano,Yves Flores
Gigi De Lana,Jeremiah Lisbo
Matet De Leon,Onyok Pineda
Daphne Oseña-Paez,Rowell Santiago
Coco Martin,Marco Masa
Alvin Anson,Benjamin Alves
Dante Rivero,Isabelle Daza
Allan Paule,Ana Abad-Santos
Carlo Aquino,Paulo Avelino
Adrian Alandy,Liza Soberano
Alora Sasam,Dennis Padilla
JC de Vera,Vice Ganda
Alex Calleja,Nonie Buencamino
Almira Muhlach,Janella Salvador
Aleck Bovick,Mark Anthony Fernandez
Carmi Martin,Joross Gamboa
Alden Richards,Kathryn Bernardo
Andrea Del Rosario,Yassi Pressman
Julia Barretto,Ronnie Alonte
Richard Gomez,Tommy Esguerra
John Arcilla,Tirso Cruz III
Joross Gamboa,Levi Ignacio
Matthew Rutherford,Saul Reichlin
Cris Villanueva,Joey Marquez
Alexa Ilacad,Joao Constancia
Freddie Webb,Noel Trinidad
Angelica Panganiban,Miguel Vergara
Ana Capri,Ina Feleo
Allan Paule,Elijah Canlas
Dimples Romana,Shamaine Centenera
Ali Badshah,Soma Bhatia
Beatriz Saw,Toni Gonzaga
Eddie Garcia,Princess
Jasmine Curtis-Smith,Sylvia Sanchez
Miguel Vergara,Yayo Aguila
Irma Adlawan,Mart Escudero
Cristine Reyes,Marlann Flores
Bea Alonzo,Minnie Aguilar
Gerald Anderson,Matt Evans
Gina Pareño,Zanjoe Marudo
Kathryn Bernardo,Sofia Andres
Cai Cortez,Jameson Blake
Irma Adlawan,Lei Andre Navarro
Enrique Gil,Marco Gumabao
Kawa Ada,Soma Bhatia
Carmina Villaroel,Pinky Amador
Lito Pimentel,Zanjoe Marudo
Armand Reyes,Jojo Riguerra
Kiray Celis,Vice Ganda
Gardo Versoza,Luz Valdez
Archi Adamos,JC Santos
Irma Adlawan,Jameson Blake
Lev Gorn,PJ Boudousqué
Leo Martinez,Lorenz Martinez
Cacai Bautista,Victor Silayan
Beatriz Saw,James Blanco
Joey Marquez,Yayo Aguila
Bea Alonzo,Jeremiah Lisbo
Angellie Saño,Sue Ramirez
Angelica Panganiban,Baron Geisler
Kyra Custodio,Yayo Aguila
Assunta de Rossi,Coco Martin
Alex Diaz,Ricky Davao
Beverly Salviejo,Eddie Garcia
Maritoni Fernandez,Robin Padilla
Empress Schuck,Paulo Avelino
Alex Medina,John Arcilla
Marco Gumabao,Sue Ramirez
Carmi Martin,Marlann Flores
Jaclyn Jose,Sue Prado
Aga Muhlach,Dante Rivero
Karla Estrada,Nadine Lustre
Jameson Blake,Shaina Magdayao
Minnie Aguilar,Pinky Amador
Bea Alonzo,Coney Reyes
Janella Salvador,Tony Labrusca
Angelu De Leon,Maricel Soriano
Derek Ramsay,Ruby Ruiz
Anna Luna,Maris Racal
Ejay Falcon,Ruffa Gutierrez
Noel Trinidad,Pepe Herrera
Christian Bables,Dennis Padilla
Beverly Salviejo,Maureen Mann
Claire Jeater,Jhong Hilario
Karla Estrada,Ryan Bang
Maris Racal,Teddy Corpuz
Jon Jon Briones,Manny Jacinto
John Arcilla,Kat Alano
Herbert Bautista,Kathryn Bernardo
Bea Alonzo,Edward Barber
James Blanco,John Lloyd Cruz
Jeffrey Quizon,Paulo Avelino
Hannah Ledesma,Roxanne Guinoo
Angeline Quinto,Shaina Magdayao
Bernard Palanca,Joross Gamboa
Arci Muñoz,Shamaine Centenera
Cai Cortez,Liza Soberano
Anthony Jennings,Arlene Muchlach
Charlie Dizon,Enchong Dee
Deejay Durano,Kathryn Bernardo
Dennis Padilla,Ruffa Gutierrez
John Arcilla,Rolando T. Inocencio
Isabel Sandoval,Lynn Cohen
Coney Reyes,Sam Milby
Jon Lucas,Kyra Custodio
Carmi Martin,Derek Ramsay
Justin Cuyugan,Lei Andre Navarro
Bing Pimental,Johnny Revilla
Carmina Villaroel,Joao Constancia
Anna Luna,Jett Pangan
Tetchie Agbayani,Tom Rodriguez
Andrea Del Rosario,Sam Concepcion
Nico Antonio,Yayo Aguila
Al Tantay,Dimples Romana
Ahron Villena,John Lloyd Cruz
Adam Chan,Coco Martin
Cheska Iñigo,Jelson Bay
Alexa Ilacad,Khalil Ramos
TJ Trinidad,Tirso Cruz III
Joross Gamboa,Miles Ocampo
Angel Locsin,Sam Milby
Allan Paule,Armida Siguion-Reyna
Archie Alemania,John Arcilla
Charlie Dizon,Irma Adlawan
John Estrada,Marissa Delgado
Angel Locsin,Charlie Dizon
Assunta de Rossi,Pepe Herrera
Levi Ignacio,Victor Neri
Kiko Matos,Martin del Rosario
Bea Alonzo,Shamaine Centenera
Tetchie Agbayani,Yayo Aguila
Ian Veneracion,Igi Boy Flores
Martin del Rosario,Paolo Ballesteros
Almira Muhlach,Cris Villanueva
Anne Curtis,Carmi Martin
Alex Medina,Ketchup Eusebio
Jeric Raval,Ronnie Alonte
Gloria Diaz,Xyriel Manabat
Arron Villaflor,Joem Bascon
Gloria Sevilla,Toni Gonzaga
Angie Ferro,Royce Cabrera
Ahron Villena,Billy Crawford
Iza Calzado,Piolo Pascual
Lander Vera Perez,Sam Concepcion
Arron Villaflor,Carlo Aquino
Joey Marquez,Joshua Garcia
Alex Diaz,Marco Gumabao
Armand Reyes,Maria Isabel Lopez
Anthony Jennings,Dennis Padilla
Jerry O'Hara,Kate Alejandrino
CJ Navato,Paulo Avelino
Al Tantay,Miles Ocampo
Aga Muhlach,Maureen Mann
Lloyd Zaragoza,Xian Lim
Boots Anson-Roa,Liza Lorena
Alexa Ilacad,Cai Cortez
Paolo Ballesteros,Via Antonio
Sarah Geronimo,Teddy Corpuz
Cris Villonco,Dennis Padilla
Angel Locsin,Michael De Mesa
Alexa Ilacad,Bea Alonzo
Kathryn Bernardo,Ruffa Gutierrez
Erin Ocampo,Liza Soberano
Dennis Padilla,John Lloyd Cruz
John Estrada,Kathryn Bernardo
Ketchup Eusebio,Paulo Avelino
Kaka Bautista,Maricel Laxa
Maricar Reyes,Paulo Avelino
Angel Locsin,Jameson Blake
Ejay Falcon,Vice Ganda
Jon Jon Briones,Liza Soberano
Angelica Panganiban,Justin Cuyugan
Jasmine Curtis-Smith,Xia Vigor
Lao Rodriguez,Victor Neri
Cai Cortez,Clarence Delgado
Leo Martinez,Mylene Dizon
Hasmine Killip,Ronwaldo Martin
Arron Villaflor,Lorenz Martinez
Derek Ramsay,John Arcilla
Jean Garcia,Ria Atayde
Daniel Padilla,Lotlot De Leon
Alvin Anson,Leo Martinez
Alora Sasam,Gardo Versoza
Jeffrey Quizon,Vice Ganda
Adam Chan,Pepe Herrera
Almira Muhlach,Kim Chiu
Anthony Jennings,Ruffa Gutierrez
Enzo Marcos,Yayo Aguila
JC Santos,Ruby Ruiz
Beverly Salviejo,Edward Barber
Jeremiah Lisbo,Shaina Magdayao
Cristine Reyes,Ronnie Lazaro
Matteo Guidicelli,Zanjoe Marudo
Clarence Delgado,Enchong Dee
Al Tantay,Khalil Ramos
Boots Anson-Roa,Glaiza De Castro
Gillian Vicencio,Minnie Aguilar
Ali Badshah,Saara Chaudry
Paolo Ballesteros,Rosanna Roces
Aleck Bovick,RK Bagatsing
Cherry Pie Picache,Eugene Domingo
Claudine Barretto,Liza Lorena
Daniel Padilla,Maria Isabel Lopez
Rica Peralejo,Sharon Cuneta
John Estrada,Pilar Pilapil
Ricky Davao,Yayo Aguila
Liza Soberano,Shay Mitchell
Charlie Dizon,Shaina Magdayao
Glaiza De Castro,Kris Aquino
Daniel Padilla,Matteo Guidicelli
Enrique Gil,Jeffrey Tam
Dido Dela Paz,Ku Aquino
Lou Diamond Phillips,Nicole Scherzinger
Felix Roco,Sky Teotico
Cristine Reyes,Maricel Soriano
Giselle Toengi,Sandy Andolong
Kawa Ada,Saara Chaudry
Eamon Farren,Lev Gorn
Janella Salvador,Jerry O'Hara
Enchong Dee,Shaina Magdayao
Aiko Melendez,Ariel Rivera
Bimby Aquino-Yap,Vice Ganda
JM de Guzman,Janella Salvador
Angelica Panganiban,Lei Andre Navarro
Carlo Aquino,Jeffrey Quizon
Darren Criss,Manny Jacinto
Nico Antonio,Via Antonio
Belle Mariano,Irma Adlawan
Jelson Bay,Raffa Esplana
Levi Ignacio,Ricky Pascua
Cristine Reyes,Ron Morales
Lito Pimentel,Maymay Entrata
Dawn Zulueta,Richard Gomez
Makisig Morales,Sharon Cuneta
Jelson Bay,Sue Ramirez
Alwyn Uytingco,Kit Thompson
Dimples Romana,Irma Adlawan
Joross Gamboa,Matteo Guidicelli
Angelica C. Ferro,Suzette Ranillo
Roxanne Guinoo,Sue Ramirez
Rowell Santiago,Sarah Geronimo
Royce Cabrera,Soliman Cruz
Angelica Panganiban,TJ Trinidad
Ariel Rivera,Liza Lorena
John Estrada,Sharon Cuneta
Awra Briguela,MC Calaquian
Erlinda Villalobos,Hasmine Killip
Enrique Gil,Nonie Buencamino
Kathryn Bernardo,Vice Ganda
Nonie Buencamino,Paulo Avelino
Maria Isabel Lopez,Royce Cabrera
Dimples Romana,Justin Cuyugan
Liza Lorena,Ronaldo Valdez
Alex Medina,Mercedes Cabral
Claudine Barretto,Glaiza De Castro
Joem Bascon,Lassy Marquez
Daniel Padilla,Gloria Diaz
Lotlot De Leon,Zanjoe Marudo
Alexa Ilacad,Irma Adlawan
Joao Constancia,Minnie Aguilar
Arlene Muchlach,Herbert Bautista
Carmi Martin,Ron Morales
Cris Villanueva,Mercedes Cabral
Aga Muhlach,Edward Barber
Joey Marquez,John Lloyd Cruz
Khalil Ramos,Kokoy DeSantos
Tobie Dela Cruz,Tommy Esguerra
Angie Ferro,Jojo Riguerra
Mark Anthony Fernandez,Sue Ramirez
Paulo Avelino,Ronnie Lazaro
Donita Rose,Enrique Gil
Empress Schuck,Jeffrey Quizon
Lao Rodriguez,Ricky Pascua
Gerald Madrid,Maricel Soriano
Maine Mendoza,Nikki Valdez
Nadine Lustre,Ryan Bang
Jon Jon Briones,Steve Blum
Assunta de Rossi,Onyok Pineda
Lei Andre Navarro,Maricar Reyes
Raymond Lee,Sue Prado
Angie Ferro,Soliman Cruz
Daniel Padilla,Huybs Azarcon
Ketchup Eusebio,Toni Gonzaga
Miles Ocampo,Shaina Magdayao
Dawn Zulueta,Ina Feleo
Eamon Farren,PJ Boudousqué
Derek Ramsay,Nico Antonio
Gigi De Lana,Irma Adlawan
Freddie Webb,Tommy Esguerra
Joross Gamboa,Liza Lorena
Jasmine Curtis-Smith,Liza Soberano
Freddie Webb,Liza Lorena
Martin del Rosario,Mercedes Cabral
Dawn Zulueta,Marco Gumabao
Alvin Anson,Mylene Dizon
Alora Sasam,Arlene Muhlach
Al Tantay,Ana Capri
Jerald Napoles,Noel Trinidad
Dido Dela Paz,Suzette Ranillo
Enzo Marcos,Via Antonio
Charlie Dizon,Gillian Vicencio
Belle Mariano,Jameson Blake
Angel Locsin,Clarence Delgado
Cris Villonco,Janella Salvador
Jon Jon Briones,Shay Mitchell
Darren Criss,Liza Soberano
Dimples Romana,Lei Andre Navarro
John Estrada,Joshua Garcia
Bea Alonzo,Enchong Dee
Royce Cabrera,Yves Flores
Clarence Delgado,Shaina Magdayao
Baron Geisler,Dante Rivero
Joross Gamboa,Neils Coleta
Coco Martin,Vice Ganda
Allan Paule,Jeric Raval
Janus del Prado,Shamaine Centenera
Matt Evans,Pilita Corrales
Alex Medina,Martin del Rosario
Alexa Ilacad,Michael De Mesa
Daniel Padilla,Tirso Cruz III
Gerald Anderson,Tirso Cruz III
Dante Rivero,Miles Ocampo
Arci Muñoz,Beatriz Saw
Hannah Ladesma,Jennylyn Mercado
Johnny Revilla,Miles Ocampo
Shaina Magdayao,Toni Gonzaga
Ahron Villena,Ricci Chan
Cris Villanueva,Martin del Rosario
Angel Locsin,Dingdong Dantes
Alexa Ilacad,Jameson Blake
Gabby Padilla,Sue Ramirez
Anna Luna,Sarah Geronimo
Gio Alvarez,Matet De Leon
Janine Gutierrez,Sky Teotico
Rayver Cruz,Rowell Santiago
Ina Feleo,Tetchie Agbayani
Katya Santos,Marco Gumabao
Raffa Esplana,Varoon Kessop
Khalil Ramos,Michael De Mesa
Coco Martin,Toni Gonzaga
Alwyn Uytingco,Leo Rialp
Alma Moreno,Matet De Leon
John Arcilla,Via Antonio
Carmi Martin,Tirso Cruz III
Ai-Ai de las Alas,Alwyn Uytingco
John Lloyd Cruz,Yayo Aguila
Beatriz Saw,Khalil Ramos
Anne Curtis,Brandon Vera
Arlene Muchlach,Gardo Versoza
Alden Richards,Maymay Entrata
Bea Alonzo,Beatriz Saw
Gigi De Lana,Jameson Blake
Saara Chaudry,Shaista Latif
Ana Abad-Santos,Jeric Raval
Carmi Martin,Hilda Koronel
Al Tantay,Sam Milby
Bernard Palanca,Liza Lorena
Marissa Delgado,Maritoni Fernandez
Carmina Villaroel,Charlie Dizon
Dingdong Dantes,Mart Escudero
Empoy Marquez,Kim Chiu
JM de Guzman,Noel Trinidad
Daphne Oseña-Paez,Sarah Geronimo
Dante Rivero,Gerald Madrid
Andre Garcia,Irma Adlawan
Arron Villaflor,John Arcilla
Hannah Ledesma,Sandy Andolong
Roxanne Guinoo,Yuan Francisco
Irma Adlawan,Paulo Avelino
Cristine Reyes,Kat Alano
Janus del Prado,Lotlot De Leon
Cheska Iñigo,Roxanne Guinoo
Dennis Padilla,Joross Gamboa
Arci Muñoz,TJ Trinidad
Khalil Ramos,Pamu Pamorada
Anne Curtis,Levi Ignacio
Dolly De Leon,Sue Ramirez
JM de Guzman,Kim Chiu
Onyok Pineda,Pepe Herrera
Cristine Reyes,Enrique Gil
Angel Locsin,Angelica Panganiban
Dominic Ochoa,Kakai Bautista
Alonzo Muhlach,MC Calaquian
John Arcilla,Rosanna Roces
Ahron Villena,Matt Evans
Chienna Filomeno,Erin Ocampo
Matt Evans,Xian Lim
Kelvin Miranda,Sue Ramirez
Daniel Padilla,Shaina Magdayao
Devon Seron,Xian Lim
Belle Mariano,Gillian Vicencio
Andrea Del Rosario,Shy Carlos
Armida Siguion-Reyna,Princess
Freddie Webb,Jerald Napoles
Claire Jeater,Mickey Ferriols
Bea Alonzo,Sandy Andolong
Aga Muhlach,Baron Geisler
Ai-Ai de las Alas,Carlo Aquino
Marco Gumabao,Yayo Aguila
Kim Chiu,Markus Paterson
Lassy Marquez,Pepe Herrera
Claire Jeater,Rica Peralejo
